time,Actual DNI,Predicted DNI
2024-11-20 00:00:00,0.0,0.0
2024-11-20 01:00:00,0.0,0.0
2024-11-20 02:00:00,0.0,0.0
2024-11-20 03:00:00,0.0,0.0
2024-11-20 04:00:00,0.0,0.0
2024-11-20 05:00:00,0.0,0.0
2024-11-20 06:00:00,0.0,0.0
2024-11-20 07:00:00,0.0,0.0
2024-11-20 08:00:00,0.0,27.1
2024-11-20 09:00:00,0.0,90.4
2024-11-20 10:00:00,47.2,192.5
2024-11-20 11:00:00,139.2,164.2
2024-11-20 12:00:00,268.5,139.7
2024-11-20 13:00:00,22.8,178.6
2024-11-20 14:00:00,77.8,157.9
2024-11-20 15:00:00,161.3,123.6
2024-11-20 16:00:00,228.7,82.7
2024-11-20 17:00:00,139.9,54.3
2024-11-20 18:00:00,0.0,0.0
2024-11-20 19:00:00,0.0,0.0
2024-11-20 20:00:00,0.0,0.0
2024-11-20 21:00:00,0.0,0.0
2024-11-20 22:00:00,0.0,0.0
2024-11-20 23:00:00,0.0,0.0
2024-11-21 00:00:00,0.0,0.0
2024-11-21 01:00:00,0.0,0.0
2024-11-21 02:00:00,0.0,0.0
2024-11-21 03:00:00,0.0,0.0
2024-11-21 04:00:00,0.0,0.0
2024-11-21 05:00:00,0.0,0.0
2024-11-21 06:00:00,0.0,0.0
2024-11-21 07:00:00,0.0,0.0
2024-11-21 08:00:00,13.8,13.9
2024-11-21 09:00:00,72.2,111.9
2024-11-21 10:00:00,122.9,88.9
2024-11-21 11:00:00,233.2,95.4
2024-11-21 12:00:00,253.3,125.7
2024-11-21 13:00:00,2.1,136.0
2024-11-21 14:00:00,141.0,134.4
2024-11-21 15:00:00,119.2,67.7
2024-11-21 16:00:00,103.5,71.6
2024-11-21 17:00:00,133.4,47.0
2024-11-21 18:00:00,0.0,0.0
2024-11-21 19:00:00,0.0,0.0
2024-11-21 20:00:00,0.0,0.0
2024-11-21 21:00:00,0.0,0.0
2024-11-21 22:00:00,0.0,0.0
2024-11-21 23:00:00,0.0,0.0
2024-11-22 00:00:00,0.0,0.0
2024-11-22 01:00:00,0.0,0.0
2024-11-22 02:00:00,0.0,0.0
2024-11-22 03:00:00,0.0,0.0
2024-11-22 04:00:00,0.0,0.0
2024-11-22 05:00:00,0.0,0.0
2024-11-22 06:00:00,0.0,0.0
2024-11-22 07:00:00,0.0,0.0
2024-11-22 08:00:00,14.2,14.2
2024-11-22 09:00:00,292.5,286.5
2024-11-22 10:00:00,559.8,550.5
2024-11-22 11:00:00,574.4,628.3
2024-11-22 12:00:00,678.2,681.0
2024-11-22 13:00:00,766.2,680.3
2024-11-22 14:00:00,759.6,640.3
2024-11-22 15:00:00,586.6,191.0
2024-11-22 16:00:00,369.8,124.5
2024-11-22 17:00:00,126.6,63.2
2024-11-22 18:00:00,0.0,0.0
2024-11-22 19:00:00,0.0,0.0
2024-11-22 20:00:00,0.0,0.0
2024-11-22 21:00:00,0.0,0.0
2024-11-22 22:00:00,0.0,0.0
2024-11-22 23:00:00,0.0,0.0
2024-11-23 00:00:00,0.0,0.0
2024-11-23 01:00:00,0.0,0.0
2024-11-23 02:00:00,0.0,0.0
2024-11-23 03:00:00,0.0,0.0
2024-11-23 04:00:00,0.0,0.0
2024-11-23 05:00:00,0.0,0.0
2024-11-23 06:00:00,0.0,0.0
2024-11-23 07:00:00,0.0,0.0
2024-11-23 08:00:00,0.0,0.0
2024-11-23 09:00:00,148.1,107.5
2024-11-23 10:00:00,279.8,195.6
2024-11-23 11:00:00,418.6,356.9
2024-11-23 12:00:00,540.4,603.4
2024-11-23 13:00:00,665.4,590.5
2024-11-23 14:00:00,589.9,530.3
2024-11-23 15:00:00,478.1,359.5
2024-11-23 16:00:00,397.5,319.9
2024-11-23 17:00:00,119.7,79.7
2024-11-23 18:00:00,0.0,0.0
2024-11-23 19:00:00,0.0,0.0
2024-11-23 20:00:00,0.0,0.0
2024-11-23 21:00:00,0.0,0.0
2024-11-23 22:00:00,0.0,0.0
2024-11-23 23:00:00,0.0,0.0
2024-11-24 00:00:00,0.0,0.0
2024-11-24 01:00:00,0.0,0.0
2024-11-24 02:00:00,0.0,0.0
2024-11-24 03:00:00,0.0,0.0
2024-11-24 04:00:00,0.0,0.0
2024-11-24 05:00:00,0.0,0.0
2024-11-24 06:00:00,0.0,0.0
2024-11-24 07:00:00,0.0,0.0
2024-11-24 08:00:00,14.9,0.0
2024-11-24 09:00:00,0.0,54.4
2024-11-24 10:00:00,0.0,155.5
2024-11-24 11:00:00,7.7,113.2
2024-11-24 12:00:00,0.0,24.3
2024-11-24 13:00:00,46.9,23.4
2024-11-24 14:00:00,6.8,25.1
2024-11-24 15:00:00,102.4,91.2
2024-11-24 16:00:00,135.0,98.0
2024-11-24 17:00:00,136.8,0.0
2024-11-24 18:00:00,0.0,0.0
2024-11-24 19:00:00,0.0,0.0
2024-11-24 20:00:00,0.0,0.0
2024-11-24 21:00:00,0.0,0.0
2024-11-24 22:00:00,0.0,0.0
2024-11-24 23:00:00,0.0,0.0
2024-11-25 00:00:00,0.0,0.0
2024-11-25 01:00:00,0.0,0.0
2024-11-25 02:00:00,0.0,0.0
2024-11-25 03:00:00,0.0,0.0
2024-11-25 04:00:00,0.0,0.0
2024-11-25 05:00:00,0.0,0.0
2024-11-25 06:00:00,0.0,0.0
2024-11-25 07:00:00,0.0,0.0
2024-11-25 08:00:00,15.3,15.2
2024-11-25 09:00:00,20.7,213.4
2024-11-25 10:00:00,279.5,264.7
2024-11-25 11:00:00,594.7,186.7
2024-11-25 12:00:00,501.4,356.1
2024-11-25 13:00:00,673.9,469.5
2024-11-25 14:00:00,526.0,463.5
2024-11-25 15:00:00,456.7,470.0
2024-11-25 16:00:00,462.1,362.4
2024-11-25 17:00:00,170.3,145.7
2024-11-25 18:00:00,0.0,0.0
2024-11-25 19:00:00,0.0,0.0
2024-11-25 20:00:00,0.0,0.0
2024-11-25 21:00:00,0.0,0.0
2024-11-25 22:00:00,0.0,0.0
2024-11-25 23:00:00,0.0,0.0
2024-11-26 00:00:00,0.0,0.0
2024-11-26 01:00:00,0.0,0.0
2024-11-26 02:00:00,0.0,0.0
2024-11-26 03:00:00,0.0,0.0
2024-11-26 04:00:00,0.0,0.0
2024-11-26 05:00:00,0.0,0.0
2024-11-26 06:00:00,0.0,0.0
2024-11-26 07:00:00,0.0,0.0
2024-11-26 08:00:00,0.0,0.0
2024-11-26 09:00:00,0.0,0.0
2024-11-26 10:00:00,10.9,0.0
2024-11-26 11:00:00,212.1,49.7
2024-11-26 12:00:00,184.0,67.2
2024-11-26 13:00:00,215.9,196.3
2024-11-26 14:00:00,607.7,136.2
2024-11-26 15:00:00,689.3,181.9
2024-11-26 16:00:00,532.2,137.0
2024-11-26 17:00:00,245.0,89.7
2024-11-26 18:00:00,0.0,0.0
2024-11-26 19:00:00,0.0,0.0
2024-11-26 20:00:00,0.0,0.0
2024-11-26 21:00:00,0.0,0.0
2024-11-26 22:00:00,0.0,0.0
2024-11-26 23:00:00,0.0,0.0
2024-11-27 00:00:00,0.0,0.0
2024-11-27 01:00:00,0.0,0.0
2024-11-27 02:00:00,0.0,0.0
2024-11-27 03:00:00,0.0,0.0
2024-11-27 04:00:00,0.0,0.0
2024-11-27 05:00:00,0.0,0.0
2024-11-27 06:00:00,0.0,0.0
2024-11-27 07:00:00,0.0,0.0
2024-11-27 08:00:00,0.0,0.0
2024-11-27 09:00:00,345.9,289.0
2024-11-27 10:00:00,634.4,622.4
2024-11-27 11:00:00,739.2,751.4
2024-11-27 12:00:00,785.9,778.2
2024-11-27 13:00:00,786.2,800.5
2024-11-27 14:00:00,766.7,798.3
2024-11-27 15:00:00,730.0,754.4
2024-11-27 16:00:00,603.1,627.2
2024-11-27 17:00:00,254.8,270.9
2024-11-27 18:00:00,0.0,0.0
2024-11-27 19:00:00,0.0,0.0
2024-11-27 20:00:00,0.0,0.0
2024-11-27 21:00:00,0.0,0.0
2024-11-27 22:00:00,0.0,0.0
2024-11-27 23:00:00,0.0,0.0
2024-11-28 00:00:00,0.0,0.0
2024-11-28 01:00:00,0.0,0.0
2024-11-28 02:00:00,0.0,0.0
2024-11-28 03:00:00,0.0,0.0
2024-11-28 04:00:00,0.0,0.0
2024-11-28 05:00:00,0.0,0.0
2024-11-28 06:00:00,0.0,0.0
2024-11-28 07:00:00,0.0,0.0
2024-11-28 08:00:00,16.4,16.4
2024-11-28 09:00:00,428.4,442.0
2024-11-28 10:00:00,663.9,696.1
2024-11-28 11:00:00,761.1,789.3
2024-11-28 12:00:00,804.6,830.8
2024-11-28 13:00:00,816.9,837.7
2024-11-28 14:00:00,766.2,797.9
2024-11-28 15:00:00,615.0,690.6
2024-11-28 16:00:00,417.5,538.8
2024-11-28 17:00:00,140.6,214.7
2024-11-28 18:00:00,0.0,0.0
2024-11-28 19:00:00,0.0,0.0
2024-11-28 20:00:00,0.0,0.0
2024-11-28 21:00:00,0.0,0.0
2024-11-28 22:00:00,0.0,0.0
2024-11-28 23:00:00,0.0,0.0
2024-11-29 00:00:00,0.0,0.0
2024-11-29 01:00:00,0.0,0.0
2024-11-29 02:00:00,0.0,0.0
2024-11-29 03:00:00,0.0,0.0
2024-11-29 04:00:00,0.0,0.0
2024-11-29 05:00:00,0.0,0.0
2024-11-29 06:00:00,0.0,0.0
2024-11-29 07:00:00,0.0,0.0
2024-11-29 08:00:00,0.0,0.0
2024-11-29 09:00:00,7.2,21.7
2024-11-29 10:00:00,138.8,56.3
2024-11-29 11:00:00,32.2,67.1
2024-11-29 12:00:00,196.7,98.4
2024-11-29 13:00:00,487.5,213.2
2024-11-29 14:00:00,347.5,235.0
2024-11-29 15:00:00,467.2,162.6
2024-11-29 16:00:00,292.8,153.0
2024-11-29 17:00:00,124.8,41.6
2024-11-29 18:00:00,0.0,0.0
2024-11-29 19:00:00,0.0,0.0
2024-11-29 20:00:00,0.0,0.0
2024-11-29 21:00:00,0.0,0.0
2024-11-29 22:00:00,0.0,0.0
2024-11-29 23:00:00,0.0,0.0
2024-11-30 00:00:00,0.0,0.0
2024-11-30 01:00:00,0.0,0.0
2024-11-30 02:00:00,0.0,0.0
2024-11-30 03:00:00,0.0,0.0
2024-11-30 04:00:00,0.0,0.0
2024-11-30 05:00:00,0.0,0.0
2024-11-30 06:00:00,0.0,0.0
2024-11-30 07:00:00,0.0,0.0
2024-11-30 08:00:00,0.0,17.3
2024-11-30 09:00:00,197.2,263.3
2024-11-30 10:00:00,307.3,474.8
2024-11-30 11:00:00,545.9,449.1
2024-11-30 12:00:00,556.8,228.0
2024-11-30 13:00:00,227.4,66.3
2024-11-30 14:00:00,448.3,89.7
2024-11-30 15:00:00,426.6,120.4
2024-11-30 16:00:00,42.7,64.1
2024-11-30 17:00:00,25.1,67.0
2024-11-30 18:00:00,0.0,0.0
2024-11-30 19:00:00,0.0,0.0
2024-11-30 20:00:00,0.0,0.0
2024-11-30 21:00:00,0.0,0.0
2024-11-30 22:00:00,0.0,0.0
2024-11-30 23:00:00,0.0,0.0
2024-12-01 00:00:00,0.0,0.0
2024-12-01 01:00:00,0.0,0.0
2024-12-01 02:00:00,0.0,0.0
2024-12-01 03:00:00,0.0,0.0
2024-12-01 04:00:00,0.0,0.0
2024-12-01 05:00:00,0.0,0.0
2024-12-01 06:00:00,0.0,0.0
2024-12-01 07:00:00,0.0,0.0
2024-12-01 08:00:00,0.0,0.0
2024-12-01 09:00:00,7.4,133.1
2024-12-01 10:00:00,76.7,134.4
2024-12-01 11:00:00,351.3,204.5
2024-12-01 12:00:00,296.3,180.7
2024-12-01 13:00:00,337.3,182.1
2024-12-01 14:00:00,78.2,137.6
2024-12-01 15:00:00,74.8,2.9
2024-12-01 16:00:00,60.1,73.1
2024-12-01 17:00:00,75.6,100.9
2024-12-01 18:00:00,0.0,0.0
2024-12-01 19:00:00,0.0,0.0
2024-12-01 20:00:00,0.0,0.0
2024-12-01 21:00:00,0.0,0.0
2024-12-01 22:00:00,0.0,0.0
2024-12-01 23:00:00,0.0,0.0
2024-12-02 00:00:00,0.0,0.0
2024-12-02 01:00:00,0.0,0.0
2024-12-02 02:00:00,0.0,0.0
2024-12-02 03:00:00,0.0,0.0
2024-12-02 04:00:00,0.0,0.0
2024-12-02 05:00:00,0.0,0.0
2024-12-02 06:00:00,0.0,0.0
2024-12-02 07:00:00,0.0,0.0
2024-12-02 08:00:00,0.0,0.0
2024-12-02 09:00:00,201.8,224.4
2024-12-02 10:00:00,407.3,462.2
2024-12-02 11:00:00,480.2,455.9
2024-12-02 12:00:00,482.0,470.8
2024-12-02 13:00:00,735.9,370.5
2024-12-02 14:00:00,654.8,393.3
2024-12-02 15:00:00,514.3,381.8
2024-12-02 16:00:00,392.5,427.7
2024-12-02 17:00:00,236.2,211.2
2024-12-02 18:00:00,0.0,0.0
2024-12-02 19:00:00,0.0,0.0
2024-12-02 20:00:00,0.0,0.0
2024-12-02 21:00:00,0.0,0.0
2024-12-02 22:00:00,0.0,0.0
2024-12-02 23:00:00,0.0,0.0
2024-12-03 00:00:00,0.0,0.0
2024-12-03 01:00:00,0.0,0.0
2024-12-03 02:00:00,0.0,0.0
2024-12-03 03:00:00,0.0,0.0
2024-12-03 04:00:00,0.0,0.0
2024-12-03 05:00:00,0.0,0.0
2024-12-03 06:00:00,0.0,0.0
2024-12-03 07:00:00,0.0,0.0
2024-12-03 08:00:00,0.0,0.0
2024-12-03 09:00:00,22.7,0.0
2024-12-03 10:00:00,156.9,11.8
2024-12-03 11:00:00,301.3,60.9
2024-12-03 12:00:00,526.9,250.8
2024-12-03 13:00:00,152.4,233.3
2024-12-03 14:00:00,69.3,179.5
2024-12-03 15:00:00,281.4,55.2
2024-12-03 16:00:00,138.7,78.1
2024-12-03 17:00:00,0.0,0.0
2024-12-03 18:00:00,0.0,0.0
2024-12-03 19:00:00,0.0,0.0
2024-12-03 20:00:00,0.0,0.0
2024-12-03 21:00:00,0.0,0.0
2024-12-03 22:00:00,0.0,0.0
2024-12-03 23:00:00,0.0,0.0
2024-12-04 00:00:00,0.0,0.0
2024-12-04 01:00:00,0.0,0.0
2024-12-04 02:00:00,0.0,0.0
2024-12-04 03:00:00,0.0,0.0
2024-12-04 04:00:00,0.0,0.0
2024-12-04 05:00:00,0.0,0.0
2024-12-04 06:00:00,0.0,0.0
2024-12-04 07:00:00,0.0,0.0
2024-12-04 08:00:00,0.0,0.0
2024-12-04 09:00:00,137.5,38.3
2024-12-04 10:00:00,301.3,162.8
2024-12-04 11:00:00,584.6,451.5
2024-12-04 12:00:00,661.6,638.7
2024-12-04 13:00:00,731.5,606.1
2024-12-04 14:00:00,324.1,394.1
2024-12-04 15:00:00,84.4,5.8
2024-12-04 16:00:00,87.0,4.4
2024-12-04 17:00:00,25.5,0.0
2024-12-04 18:00:00,0.0,0.0
2024-12-04 19:00:00,0.0,0.0
2024-12-04 20:00:00,0.0,0.0
2024-12-04 21:00:00,0.0,0.0
2024-12-04 22:00:00,0.0,0.0
2024-12-04 23:00:00,0.0,0.0
2024-12-05 00:00:00,0.0,0.0
2024-12-05 01:00:00,0.0,0.0
2024-12-05 02:00:00,0.0,0.0
2024-12-05 03:00:00,0.0,0.0
2024-12-05 04:00:00,0.0,0.0
2024-12-05 05:00:00,0.0,0.0
2024-12-05 06:00:00,0.0,0.0
2024-12-05 07:00:00,0.0,0.0
2024-12-05 08:00:00,0.0,0.0
2024-12-05 09:00:00,23.2,139.2
2024-12-05 10:00:00,56.1,264.9
2024-12-05 11:00:00,58.9,157.2
2024-12-05 12:00:00,139.7,201.4
2024-12-05 13:00:00,43.0,97.3
2024-12-05 14:00:00,0.0,77.2
2024-12-05 15:00:00,0.0,23.4
2024-12-05 16:00:00,0.0,13.1
2024-12-05 17:00:00,34.1,25.6
2024-12-05 18:00:00,0.0,0.0
2024-12-05 19:00:00,0.0,0.0
2024-12-05 20:00:00,0.0,0.0
2024-12-05 21:00:00,0.0,0.0
2024-12-05 22:00:00,0.0,0.0
2024-12-05 23:00:00,0.0,0.0
2024-12-06 00:00:00,0.0,0.0
2024-12-06 01:00:00,0.0,0.0
2024-12-06 02:00:00,0.0,0.0
2024-12-06 03:00:00,0.0,0.0
2024-12-06 04:00:00,0.0,0.0
2024-12-06 05:00:00,0.0,0.0
2024-12-06 06:00:00,0.0,0.0
2024-12-06 07:00:00,0.0,0.0
2024-12-06 08:00:00,0.0,0.0
2024-12-06 09:00:00,85.9,125.1
2024-12-06 10:00:00,162.0,263.6
2024-12-06 11:00:00,547.6,237.4
2024-12-06 12:00:00,718.5,290.5
2024-12-06 13:00:00,113.5,479.5
2024-12-06 14:00:00,130.6,467.2
2024-12-06 15:00:00,0.0,381.5
2024-12-06 16:00:00,118.2,166.7
2024-12-06 17:00:00,0.0,34.2
2024-12-06 18:00:00,0.0,0.0
2024-12-06 19:00:00,0.0,0.0
2024-12-06 20:00:00,0.0,0.0
2024-12-06 21:00:00,0.0,0.0
2024-12-06 22:00:00,0.0,0.0
2024-12-06 23:00:00,0.0,0.0
2024-12-07 00:00:00,0.0,0.0
2024-12-07 01:00:00,0.0,0.0
2024-12-07 02:00:00,0.0,0.0
2024-12-07 03:00:00,0.0,0.0
2024-12-07 04:00:00,0.0,0.0
2024-12-07 05:00:00,0.0,0.0
2024-12-07 06:00:00,0.0,0.0
2024-12-07 07:00:00,0.0,0.0
2024-12-07 08:00:00,0.0,0.0
2024-12-07 09:00:00,299.9,276.6
2024-12-07 10:00:00,617.9,626.9
2024-12-07 11:00:00,781.4,785.1
2024-12-07 12:00:00,846.4,813.7
2024-12-07 13:00:00,836.4,807.5
2024-12-07 14:00:00,795.8,774.8
2024-12-07 15:00:00,737.8,709.3
2024-12-07 16:00:00,614.7,628.8
2024-12-07 17:00:00,273.7,274.1
2024-12-07 18:00:00,0.0,0.0
2024-12-07 19:00:00,0.0,0.0
2024-12-07 20:00:00,0.0,0.0
2024-12-07 21:00:00,0.0,0.0
2024-12-07 22:00:00,0.0,0.0
2024-12-07 23:00:00,0.0,0.0
2024-12-08 00:00:00,0.0,0.0
2024-12-08 01:00:00,0.0,0.0
2024-12-08 02:00:00,0.0,0.0
2024-12-08 03:00:00,0.0,0.0
2024-12-08 04:00:00,0.0,0.0
2024-12-08 05:00:00,0.0,0.0
2024-12-08 06:00:00,0.0,0.0
2024-12-08 07:00:00,0.0,0.0
2024-12-08 08:00:00,0.0,0.0
2024-12-08 09:00:00,327.0,335.4
2024-12-08 10:00:00,644.8,662.3
2024-12-08 11:00:00,657.7,778.7
2024-12-08 12:00:00,682.2,788.7
2024-12-08 13:00:00,386.6,650.3
2024-12-08 14:00:00,316.4,416.6
2024-12-08 15:00:00,415.5,345.2
2024-12-08 16:00:00,572.0,326.1
2024-12-08 17:00:00,274.0,162.9
2024-12-08 18:00:00,0.0,0.0
2024-12-08 19:00:00,0.0,0.0
2024-12-08 20:00:00,0.0,0.0
2024-12-08 21:00:00,0.0,0.0
2024-12-08 22:00:00,0.0,0.0
2024-12-08 23:00:00,0.0,0.0
2024-12-09 00:00:00,0.0,0.0
2024-12-09 01:00:00,0.0,0.0
2024-12-09 02:00:00,0.0,0.0
2024-12-09 03:00:00,0.0,0.0
2024-12-09 04:00:00,0.0,0.0
2024-12-09 05:00:00,0.0,0.0
2024-12-09 06:00:00,0.0,0.0
2024-12-09 07:00:00,0.0,0.0
2024-12-09 08:00:00,0.0,0.0
2024-12-09 09:00:00,298.1,322.7
2024-12-09 10:00:00,475.9,647.9
2024-12-09 11:00:00,572.6,780.6
2024-12-09 12:00:00,670.8,765.7
2024-12-09 13:00:00,651.9,599.7
2024-12-09 14:00:00,492.9,654.6
2024-12-09 15:00:00,425.3,638.7
2024-12-09 16:00:00,533.2,613.5
2024-12-09 17:00:00,248.5,266.1
2024-12-09 18:00:00,0.0,0.0
2024-12-09 19:00:00,0.0,0.0
2024-12-09 20:00:00,0.0,0.0
2024-12-09 21:00:00,0.0,0.0
2024-12-09 22:00:00,0.0,0.0
2024-12-09 23:00:00,0.0,0.0
2024-12-10 00:00:00,0.0,0.0
2024-12-10 01:00:00,0.0,0.0
2024-12-10 02:00:00,0.0,0.0
2024-12-10 03:00:00,0.0,0.0
2024-12-10 04:00:00,0.0,0.0
2024-12-10 05:00:00,0.0,0.0
2024-12-10 06:00:00,0.0,0.0
2024-12-10 07:00:00,0.0,0.0
2024-12-10 08:00:00,0.0,0.0
2024-12-10 09:00:00,317.4,293.3
2024-12-10 10:00:00,632.1,654.1
2024-12-10 11:00:00,749.6,773.6
2024-12-10 12:00:00,804.5,827.1
2024-12-10 13:00:00,817.4,845.9
2024-12-10 14:00:00,799.9,830.1
2024-12-10 15:00:00,739.7,776.1
2024-12-10 16:00:00,622.1,645.2
2024-12-10 17:00:00,274.3,274.7
2024-12-10 18:00:00,0.0,0.0
2024-12-10 19:00:00,0.0,0.0
2024-12-10 20:00:00,0.0,0.0
2024-12-10 21:00:00,0.0,0.0
2024-12-10 22:00:00,0.0,0.0
2024-12-10 23:00:00,0.0,0.0
2024-12-11 00:00:00,0.0,0.0
2024-12-11 01:00:00,0.0,0.0
2024-12-11 02:00:00,0.0,0.0
2024-12-11 03:00:00,0.0,0.0
2024-12-11 04:00:00,0.0,0.0
2024-12-11 05:00:00,0.0,0.0
2024-12-11 06:00:00,0.0,0.0
2024-12-11 07:00:00,0.0,0.0
2024-12-11 08:00:00,0.0,0.0
2024-12-11 09:00:00,320.4,181.0
2024-12-11 10:00:00,642.2,310.9
2024-12-11 11:00:00,759.7,413.8
2024-12-11 12:00:00,815.0,423.7
2024-12-11 13:00:00,826.8,439.2
2024-12-11 14:00:00,806.5,400.0
2024-12-11 15:00:00,717.1,361.9
2024-12-11 16:00:00,569.5,296.3
2024-12-11 17:00:00,240.0,154.5
2024-12-11 18:00:00,0.0,0.0
2024-12-11 19:00:00,0.0,0.0
2024-12-11 20:00:00,0.0,0.0
2024-12-11 21:00:00,0.0,0.0
2024-12-11 22:00:00,0.0,0.0
2024-12-11 23:00:00,0.0,0.0
2024-12-12 00:00:00,0.0,0.0
2024-12-12 01:00:00,0.0,0.0
2024-12-12 02:00:00,0.0,0.0
2024-12-12 03:00:00,0.0,0.0
2024-12-12 04:00:00,0.0,0.0
2024-12-12 05:00:00,0.0,0.0
2024-12-12 06:00:00,0.0,0.0
2024-12-12 07:00:00,0.0,0.0
2024-12-12 08:00:00,0.0,0.0
2024-12-12 09:00:00,257.1,166.1
2024-12-12 10:00:00,562.1,300.8
2024-12-12 11:00:00,743.3,345.7
2024-12-12 12:00:00,793.6,532.9
2024-12-12 13:00:00,771.1,771.9
2024-12-12 14:00:00,633.7,799.1
2024-12-12 15:00:00,442.0,730.6
2024-12-12 16:00:00,366.5,433.4
2024-12-12 17:00:00,128.5,180.2
2024-12-12 18:00:00,0.0,0.0
2024-12-12 19:00:00,0.0,0.0
2024-12-12 20:00:00,0.0,0.0
2024-12-12 21:00:00,0.0,0.0
2024-12-12 22:00:00,0.0,0.0
2024-12-12 23:00:00,0.0,0.0
2024-12-13 00:00:00,0.0,0.0
2024-12-13 01:00:00,0.0,0.0
2024-12-13 02:00:00,0.0,0.0
2024-12-13 03:00:00,0.0,0.0
2024-12-13 04:00:00,0.0,0.0
2024-12-13 05:00:00,0.0,0.0
2024-12-13 06:00:00,0.0,0.0
2024-12-13 07:00:00,0.0,0.0
2024-12-13 08:00:00,0.0,0.0
2024-12-13 09:00:00,58.6,75.4
2024-12-13 10:00:00,194.7,294.7
2024-12-13 11:00:00,529.4,444.6
2024-12-13 12:00:00,470.4,417.0
2024-12-13 13:00:00,745.1,580.9
2024-12-13 14:00:00,686.4,391.6
2024-12-13 15:00:00,495.8,228.9
2024-12-13 16:00:00,437.0,39.8
2024-12-13 17:00:00,179.7,17.1
2024-12-13 18:00:00,0.0,0.0
2024-12-13 19:00:00,0.0,0.0
2024-12-13 20:00:00,0.0,0.0
2024-12-13 21:00:00,0.0,0.0
2024-12-13 22:00:00,0.0,0.0
2024-12-13 23:00:00,0.0,0.0
2024-12-14 00:00:00,0.0,0.0
2024-12-14 01:00:00,0.0,0.0
2024-12-14 02:00:00,0.0,0.0
2024-12-14 03:00:00,0.0,0.0
2024-12-14 04:00:00,0.0,0.0
2024-12-14 05:00:00,0.0,0.0
2024-12-14 06:00:00,0.0,0.0
2024-12-14 07:00:00,0.0,0.0
2024-12-14 08:00:00,0.0,0.0
2024-12-14 09:00:00,219.4,270.4
2024-12-14 10:00:00,484.2,633.4
2024-12-14 11:00:00,676.7,757.3
2024-12-14 12:00:00,764.4,811.9
2024-12-14 13:00:00,772.3,829.0
2024-12-14 14:00:00,783.4,813.8
2024-12-14 15:00:00,742.6,758.4
2024-12-14 16:00:00,599.8,631.7
2024-12-14 17:00:00,273.4,273.8
2024-12-14 18:00:00,0.0,0.0
2024-12-14 19:00:00,0.0,0.0
2024-12-14 20:00:00,0.0,0.0
2024-12-14 21:00:00,0.0,0.0
2024-12-14 22:00:00,0.0,0.0
2024-12-14 23:00:00,0.0,0.0
2024-12-15 00:00:00,0.0,0.0
2024-12-15 01:00:00,0.0,0.0
2024-12-15 02:00:00,0.0,0.0
2024-12-15 03:00:00,0.0,0.0
2024-12-15 04:00:00,0.0,0.0
2024-12-15 05:00:00,0.0,0.0
2024-12-15 06:00:00,0.0,0.0
2024-12-15 07:00:00,0.0,0.0
2024-12-15 08:00:00,0.0,0.0
2024-12-15 09:00:00,314.7,298.1
2024-12-15 10:00:00,663.7,664.7
2024-12-15 11:00:00,792.4,751.7
2024-12-15 12:00:00,727.1,671.1
2024-12-15 13:00:00,687.5,697.5
2024-12-15 14:00:00,717.6,755.4
2024-12-15 15:00:00,638.7,725.7
2024-12-15 16:00:00,506.5,577.9
2024-12-15 17:00:00,238.7,239.1
2024-12-15 18:00:00,0.0,0.0
2024-12-15 19:00:00,0.0,0.0
2024-12-15 20:00:00,0.0,0.0
2024-12-15 21:00:00,0.0,0.0
2024-12-15 22:00:00,0.0,0.0
2024-12-15 23:00:00,0.0,0.0
2024-12-16 00:00:00,0.0,0.0
2024-12-16 01:00:00,0.0,0.0
2024-12-16 02:00:00,0.0,0.0
2024-12-16 03:00:00,0.0,0.0
2024-12-16 04:00:00,0.0,0.0
2024-12-16 05:00:00,0.0,0.0
2024-12-16 06:00:00,0.0,0.0
2024-12-16 07:00:00,0.0,0.0
2024-12-16 08:00:00,0.0,0.0
2024-12-16 09:00:00,300.0,248.9
2024-12-16 10:00:00,641.9,620.6
2024-12-16 11:00:00,759.8,739.8
2024-12-16 12:00:00,817.9,813.8
2024-12-16 13:00:00,676.9,778.0
2024-12-16 14:00:00,661.3,558.3
2024-12-16 15:00:00,745.5,401.4
2024-12-16 16:00:00,329.8,61.7
2024-12-16 17:00:00,136.1,25.6
2024-12-16 18:00:00,0.0,0.0
2024-12-16 19:00:00,0.0,0.0
2024-12-16 20:00:00,0.0,0.0
2024-12-16 21:00:00,0.0,0.0
2024-12-16 22:00:00,0.0,0.0
2024-12-16 23:00:00,0.0,0.0
2024-12-17 00:00:00,0.0,0.0
2024-12-17 01:00:00,0.0,0.0
2024-12-17 02:00:00,0.0,0.0
2024-12-17 03:00:00,0.0,0.0
2024-12-17 04:00:00,0.0,0.0
2024-12-17 05:00:00,0.0,0.0
2024-12-17 06:00:00,0.0,0.0
2024-12-17 07:00:00,0.0,0.0
2024-12-17 08:00:00,0.0,0.0
2024-12-17 09:00:00,43.2,8.6
2024-12-17 10:00:00,414.4,307.9
2024-12-17 11:00:00,421.7,329.3
2024-12-17 12:00:00,562.2,342.1
2024-12-17 13:00:00,687.1,332.2
2024-12-17 14:00:00,681.4,160.6
2024-12-17 15:00:00,593.7,264.5
2024-12-17 16:00:00,460.6,307.6
2024-12-17 17:00:00,110.3,84.9
2024-12-17 18:00:00,0.0,0.0
2024-12-17 19:00:00,0.0,0.0
2024-12-17 20:00:00,0.0,0.0
2024-12-17 21:00:00,0.0,0.0
2024-12-17 22:00:00,0.0,0.0
2024-12-17 23:00:00,0.0,0.0
2024-12-18 00:00:00,0.0,0.0
2024-12-18 01:00:00,0.0,0.0
2024-12-18 02:00:00,0.0,0.0
2024-12-18 03:00:00,0.0,0.0
2024-12-18 04:00:00,0.0,0.0
2024-12-18 05:00:00,0.0,0.0
2024-12-18 06:00:00,0.0,0.0
2024-12-18 07:00:00,0.0,0.0
2024-12-18 08:00:00,0.0,0.0
2024-12-18 09:00:00,121.6,17.4
2024-12-18 10:00:00,206.2,26.9
2024-12-18 11:00:00,162.0,51.1
2024-12-18 12:00:00,233.2,27.3
2024-12-18 13:00:00,18.7,14.0
2024-12-18 14:00:00,12.3,27.2
2024-12-18 15:00:00,0.0,3.0
2024-12-18 16:00:00,0.0,0.0
2024-12-18 17:00:00,0.0,0.0
2024-12-18 18:00:00,0.0,0.0
2024-12-18 19:00:00,0.0,0.0
2024-12-18 20:00:00,0.0,0.0
2024-12-18 21:00:00,0.0,0.0
2024-12-18 22:00:00,0.0,0.0
2024-12-18 23:00:00,0.0,0.0
2024-12-19 00:00:00,0.0,0.0
2024-12-19 01:00:00,0.0,0.0
2024-12-19 02:00:00,0.0,0.0
2024-12-19 03:00:00,0.0,0.0
2024-12-19 04:00:00,0.0,0.0
2024-12-19 05:00:00,0.0,0.0
2024-12-19 06:00:00,0.0,0.0
2024-12-19 07:00:00,0.0,0.0
2024-12-19 08:00:00,0.0,0.0
2024-12-19 09:00:00,201.1,105.0
2024-12-19 10:00:00,441.8,293.5
2024-12-19 11:00:00,598.8,388.6
2024-12-19 12:00:00,661.1,485.1
2024-12-19 13:00:00,716.3,508.5
2024-12-19 14:00:00,747.9,518.9
2024-12-19 15:00:00,719.7,501.1
2024-12-19 16:00:00,606.1,476.0
2024-12-19 17:00:00,303.1,227.6
2024-12-19 18:00:00,0.0,0.0
2024-12-19 19:00:00,0.0,0.0
2024-12-19 20:00:00,0.0,0.0
2024-12-19 21:00:00,0.0,0.0
2024-12-19 22:00:00,0.0,0.0
2024-12-19 23:00:00,0.0,0.0
2024-12-20 00:00:00,0.0,0.0
2024-12-20 01:00:00,0.0,0.0
2024-12-20 02:00:00,0.0,0.0
2024-12-20 03:00:00,0.0,0.0
2024-12-20 04:00:00,0.0,0.0
2024-12-20 05:00:00,0.0,0.0
2024-12-20 06:00:00,0.0,0.0
2024-12-20 07:00:00,0.0,0.0
2024-12-20 08:00:00,0.0,0.0
2024-12-20 09:00:00,281.4,264.1
2024-12-20 10:00:00,634.5,649.0
2024-12-20 11:00:00,760.3,776.3
2024-12-20 12:00:00,818.7,834.5
2024-12-20 13:00:00,838.3,853.2
2024-12-20 14:00:00,821.5,839.6
2024-12-20 15:00:00,768.7,781.5
2024-12-20 16:00:00,647.1,656.9
2024-12-20 17:00:00,310.1,293.8
2024-12-20 18:00:00,0.0,0.0
2024-12-20 19:00:00,0.0,0.0
2024-12-20 20:00:00,0.0,0.0
2024-12-20 21:00:00,0.0,0.0
2024-12-20 22:00:00,0.0,0.0
2024-12-20 23:00:00,0.0,0.0
2024-12-21 00:00:00,0.0,0.0
2024-12-21 01:00:00,0.0,0.0
2024-12-21 02:00:00,0.0,0.0
2024-12-21 03:00:00,0.0,0.0
2024-12-21 04:00:00,0.0,0.0
2024-12-21 05:00:00,0.0,0.0
2024-12-21 06:00:00,0.0,0.0
2024-12-21 07:00:00,0.0,0.0
2024-12-21 08:00:00,0.0,0.0
2024-12-21 09:00:00,256.4,239.0
2024-12-21 10:00:00,596.6,611.2
2024-12-21 11:00:00,716.7,738.7
2024-12-21 12:00:00,772.2,798.0
2024-12-21 13:00:00,791.5,815.8
2024-12-21 14:00:00,776.4,799.4
2024-12-21 15:00:00,711.0,738.5
2024-12-21 16:00:00,588.1,602.0
2024-12-21 17:00:00,283.5,258.9
2024-12-21 18:00:00,0.0,0.0
2024-12-21 19:00:00,0.0,0.0
2024-12-21 20:00:00,0.0,0.0
2024-12-21 21:00:00,0.0,0.0
2024-12-21 22:00:00,0.0,0.0
2024-12-21 23:00:00,0.0,0.0
2024-12-22 00:00:00,0.0,0.0
2024-12-22 01:00:00,0.0,0.0
2024-12-22 02:00:00,0.0,0.0
2024-12-22 03:00:00,0.0,0.0
2024-12-22 04:00:00,0.0,0.0
2024-12-22 05:00:00,0.0,0.0
2024-12-22 06:00:00,0.0,0.0
2024-12-22 07:00:00,0.0,0.0
2024-12-22 08:00:00,0.0,0.0
2024-12-22 09:00:00,204.4,115.7
2024-12-22 10:00:00,581.0,471.9
2024-12-22 11:00:00,696.9,700.8
2024-12-22 12:00:00,795.2,791.1
2024-12-22 13:00:00,775.0,728.9
2024-12-22 14:00:00,571.2,557.0
2024-12-22 15:00:00,623.9,524.5
2024-12-22 16:00:00,447.5,517.1
2024-12-22 17:00:00,265.4,249.1
2024-12-22 18:00:00,0.0,0.0
2024-12-22 19:00:00,0.0,0.0
2024-12-22 20:00:00,0.0,0.0
2024-12-22 21:00:00,0.0,0.0
2024-12-22 22:00:00,0.0,0.0
2024-12-22 23:00:00,0.0,0.0
2024-12-23 00:00:00,0.0,0.0
2024-12-23 01:00:00,0.0,0.0
2024-12-23 02:00:00,0.0,0.0
2024-12-23 03:00:00,0.0,0.0
2024-12-23 04:00:00,0.0,0.0
2024-12-23 05:00:00,0.0,0.0
2024-12-23 06:00:00,0.0,0.0
2024-12-23 07:00:00,0.0,0.0
2024-12-23 08:00:00,0.0,0.0
2024-12-23 09:00:00,250.0,232.5
2024-12-23 10:00:00,601.7,611.8
2024-12-23 11:00:00,734.5,747.5
2024-12-23 12:00:00,795.6,808.9
2024-12-23 13:00:00,814.4,826.9
2024-12-23 14:00:00,796.5,807.2
2024-12-23 15:00:00,739.5,749.2
2024-12-23 16:00:00,620.5,625.7
2024-12-23 17:00:00,305.0,288.9
2024-12-23 18:00:00,0.0,0.0
2024-12-23 19:00:00,0.0,0.0
2024-12-23 20:00:00,0.0,0.0
2024-12-23 21:00:00,0.0,0.0
2024-12-23 22:00:00,0.0,0.0
2024-12-23 23:00:00,0.0,0.0
2024-12-24 00:00:00,0.0,0.0
2024-12-24 01:00:00,0.0,0.0
2024-12-24 02:00:00,0.0,0.0
2024-12-24 03:00:00,0.0,0.0
2024-12-24 04:00:00,0.0,0.0
2024-12-24 05:00:00,0.0,0.0
2024-12-24 06:00:00,0.0,0.0
2024-12-24 07:00:00,0.0,0.0
2024-12-24 08:00:00,0.0,0.0
2024-12-24 09:00:00,242.1,215.5
2024-12-24 10:00:00,585.4,590.9
2024-12-24 11:00:00,714.3,721.2
2024-12-24 12:00:00,773.3,784.1
2024-12-24 13:00:00,792.7,805.2
2024-12-24 14:00:00,780.3,791.0
2024-12-24 15:00:00,725.5,738.1
2024-12-24 16:00:00,608.3,617.8
2024-12-24 17:00:00,303.0,287.0
2024-12-24 18:00:00,0.0,0.0
2024-12-24 19:00:00,0.0,0.0
2024-12-24 20:00:00,0.0,0.0
2024-12-24 21:00:00,0.0,0.0
2024-12-24 22:00:00,0.0,0.0
2024-12-24 23:00:00,0.0,0.0
2024-12-25 00:00:00,0.0,0.0
2024-12-25 01:00:00,0.0,0.0
2024-12-25 02:00:00,0.0,0.0
2024-12-25 03:00:00,0.0,0.0
2024-12-25 04:00:00,0.0,0.0
2024-12-25 05:00:00,0.0,0.0
2024-12-25 06:00:00,0.0,0.0
2024-12-25 07:00:00,0.0,0.0
2024-12-25 08:00:00,0.0,0.0
2024-12-25 09:00:00,252.0,225.3
2024-12-25 10:00:00,605.8,606.7
2024-12-25 11:00:00,727.2,740.2
2024-12-25 12:00:00,793.2,801.5
2024-12-25 13:00:00,815.2,818.4
2024-12-25 14:00:00,795.9,806.5
2024-12-25 15:00:00,740.5,750.1
2024-12-25 16:00:00,629.8,626.6
2024-12-25 17:00:00,317.2,293.2
2024-12-25 18:00:00,0.0,0.0
2024-12-25 19:00:00,0.0,0.0
2024-12-25 20:00:00,0.0,0.0
2024-12-25 21:00:00,0.0,0.0
2024-12-25 22:00:00,0.0,0.0
2024-12-25 23:00:00,0.0,0.0
2024-12-26 00:00:00,0.0,0.0
2024-12-26 01:00:00,0.0,0.0
2024-12-26 02:00:00,0.0,0.0
2024-12-26 03:00:00,0.0,0.0
2024-12-26 04:00:00,0.0,0.0
2024-12-26 05:00:00,0.0,0.0
2024-12-26 06:00:00,0.0,0.0
2024-12-26 07:00:00,0.0,0.0
2024-12-26 08:00:00,0.0,0.0
2024-12-26 09:00:00,252.9,217.1
2024-12-26 10:00:00,588.9,608.3
2024-12-26 11:00:00,715.5,743.8
2024-12-26 12:00:00,775.4,803.7
2024-12-26 13:00:00,816.5,824.3
2024-12-26 14:00:00,808.7,809.5
2024-12-26 15:00:00,755.1,755.9
2024-12-26 16:00:00,638.1,634.9
2024-12-26 17:00:00,331.0,299.1
2024-12-26 18:00:00,0.0,0.0
2024-12-26 19:00:00,0.0,0.0
2024-12-26 20:00:00,0.0,0.0
2024-12-26 21:00:00,0.0,0.0
2024-12-26 22:00:00,0.0,0.0
2024-12-26 23:00:00,0.0,0.0
2024-12-27 00:00:00,0.0,0.0
2024-12-27 01:00:00,0.0,0.0
2024-12-27 02:00:00,0.0,0.0
2024-12-27 03:00:00,0.0,0.0
2024-12-27 04:00:00,0.0,0.0
2024-12-27 05:00:00,0.0,0.0
2024-12-27 06:00:00,0.0,0.0
2024-12-27 07:00:00,0.0,0.0
2024-12-27 08:00:00,0.0,0.0
2024-12-27 09:00:00,235.5,208.7
2024-12-27 10:00:00,585.5,581.8
2024-12-27 11:00:00,728.0,731.9
2024-12-27 12:00:00,792.3,798.2
2024-12-27 13:00:00,812.9,818.4
2024-12-27 14:00:00,801.7,802.5
2024-12-27 15:00:00,751.9,749.9
2024-12-27 16:00:00,637.8,630.4
2024-12-27 17:00:00,336.5,304.9
2024-12-27 18:00:00,0.0,0.0
2024-12-27 19:00:00,0.0,0.0
2024-12-27 20:00:00,0.0,0.0
2024-12-27 21:00:00,0.0,0.0
2024-12-27 22:00:00,0.0,0.0
2024-12-27 23:00:00,0.0,0.0
2024-12-28 00:00:00,0.0,0.0
2024-12-28 01:00:00,0.0,0.0
2024-12-28 02:00:00,0.0,0.0
2024-12-28 03:00:00,0.0,0.0
2024-12-28 04:00:00,0.0,0.0
2024-12-28 05:00:00,0.0,0.0
2024-12-28 06:00:00,0.0,0.0
2024-12-28 07:00:00,0.0,0.0
2024-12-28 08:00:00,0.0,0.0
2024-12-28 09:00:00,227.1,209.2
2024-12-28 10:00:00,567.9,587.4
2024-12-28 11:00:00,731.1,722.8
2024-12-28 12:00:00,791.6,787.4
2024-12-28 13:00:00,806.7,814.5
2024-12-28 14:00:00,794.5,805.1
2024-12-28 15:00:00,748.6,755.3
2024-12-28 16:00:00,628.8,638.1
2024-12-28 17:00:00,333.8,318.4
2024-12-28 18:00:00,0.0,0.0
2024-12-28 19:00:00,0.0,0.0
2024-12-28 20:00:00,0.0,0.0
2024-12-28 21:00:00,0.0,0.0
2024-12-28 22:00:00,0.0,0.0
2024-12-28 23:00:00,0.0,0.0
2024-12-29 00:00:00,0.0,0.0
2024-12-29 01:00:00,0.0,0.0
2024-12-29 02:00:00,0.0,0.0
2024-12-29 03:00:00,0.0,0.0
2024-12-29 04:00:00,0.0,0.0
2024-12-29 05:00:00,0.0,0.0
2024-12-29 06:00:00,0.0,0.0
2024-12-29 07:00:00,0.0,0.0
2024-12-29 08:00:00,0.0,0.0
2024-12-29 09:00:00,218.4,200.5
2024-12-29 10:00:00,564.0,564.8
2024-12-29 11:00:00,697.4,731.7
2024-12-29 12:00:00,775.7,806.4
2024-12-29 13:00:00,805.1,826.8
2024-12-29 14:00:00,794.5,807.4
2024-12-29 15:00:00,748.0,740.2
2024-12-29 16:00:00,632.1,592.0
2024-12-29 17:00:00,346.8,299.9
2024-12-29 18:00:00,0.0,0.0
2024-12-29 19:00:00,0.0,0.0
2024-12-29 20:00:00,0.0,0.0
2024-12-29 21:00:00,0.0,0.0
2024-12-29 22:00:00,0.0,0.0
2024-12-29 23:00:00,0.0,0.0
2024-12-30 00:00:00,0.0,0.0
2024-12-30 01:00:00,0.0,0.0
2024-12-30 02:00:00,0.0,0.0
2024-12-30 03:00:00,0.0,0.0
2024-12-30 04:00:00,0.0,0.0
2024-12-30 05:00:00,0.0,0.0
2024-12-30 06:00:00,0.0,0.0
2024-12-30 07:00:00,0.0,0.0
2024-12-30 08:00:00,0.0,0.0
2024-12-30 09:00:00,246.1,219.0
2024-12-30 10:00:00,611.0,616.6
2024-12-30 11:00:00,739.5,749.5
2024-12-30 12:00:00,801.8,812.6
2024-12-30 13:00:00,819.4,831.8
2024-12-30 14:00:00,806.3,821.6
2024-12-30 15:00:00,755.7,770.8
2024-12-30 16:00:00,647.3,656.4
2024-12-30 17:00:00,351.6,336.5
2024-12-30 18:00:00,0.0,0.0
2024-12-30 19:00:00,0.0,0.0
2024-12-30 20:00:00,0.0,0.0
2024-12-30 21:00:00,0.0,0.0
2024-12-30 22:00:00,0.0,0.0
2024-12-30 23:00:00,0.0,0.0
2024-12-31 00:00:00,0.0,0.0
2024-12-31 01:00:00,0.0,0.0
2024-12-31 02:00:00,0.0,0.0
2024-12-31 03:00:00,0.0,0.0
2024-12-31 04:00:00,0.0,0.0
2024-12-31 05:00:00,0.0,0.0
2024-12-31 06:00:00,0.0,0.0
2024-12-31 07:00:00,0.0,0.0
2024-12-31 08:00:00,0.0,0.0
2024-12-31 09:00:00,228.1,228.4
2024-12-31 10:00:00,583.1,626.1
2024-12-31 11:00:00,726.6,760.9
2024-12-31 12:00:00,800.4,826.0
2024-12-31 13:00:00,824.2,845.8
2024-12-31 14:00:00,810.6,833.1
2024-12-31 15:00:00,737.6,783.9
2024-12-31 16:00:00,654.0,667.1
2024-12-31 17:00:00,364.0,349.0
2024-12-31 18:00:00,0.0,0.0
2024-12-31 19:00:00,0.0,0.0
2024-12-31 20:00:00,0.0,0.0
2024-12-31 21:00:00,0.0,0.0
2024-12-31 22:00:00,0.0,0.0
2024-12-31 23:00:00,0.0,0.0
2025-01-01 00:00:00,0.0,0.0
2025-01-01 01:00:00,0.0,0.0
2025-01-01 02:00:00,0.0,0.0
2025-01-01 03:00:00,0.0,0.0
2025-01-01 04:00:00,0.0,0.0
2025-01-01 05:00:00,0.0,0.0
2025-01-01 06:00:00,0.0,0.0
2025-01-01 07:00:00,0.0,0.0
2025-01-01 08:00:00,0.0,0.0
2025-01-01 09:00:00,246.5,219.4
2025-01-01 10:00:00,610.9,602.5
2025-01-01 11:00:00,746.9,744.7
2025-01-01 12:00:00,806.2,792.1
2025-01-01 13:00:00,801.1,792.7
2025-01-01 14:00:00,797.9,777.1
2025-01-01 15:00:00,756.1,759.8
2025-01-01 16:00:00,556.2,613.1
2025-01-01 17:00:00,153.5,192.1
2025-01-01 18:00:00,0.0,0.0
2025-01-01 19:00:00,0.0,0.0
2025-01-01 20:00:00,0.0,0.0
2025-01-01 21:00:00,0.0,0.0
2025-01-01 22:00:00,0.0,0.0
2025-01-01 23:00:00,0.0,0.0
2025-01-02 00:00:00,0.0,0.0
2025-01-02 01:00:00,0.0,0.0
2025-01-02 02:00:00,0.0,0.0
2025-01-02 03:00:00,0.0,0.0
2025-01-02 04:00:00,0.0,0.0
2025-01-02 05:00:00,0.0,0.0
2025-01-02 06:00:00,0.0,0.0
2025-01-02 07:00:00,0.0,0.0
2025-01-02 08:00:00,0.0,0.0
2025-01-02 09:00:00,164.3,128.0
2025-01-02 10:00:00,447.3,401.3
2025-01-02 11:00:00,533.5,509.8
2025-01-02 12:00:00,594.6,291.4
2025-01-02 13:00:00,314.4,206.7
2025-01-02 14:00:00,510.6,133.8
2025-01-02 15:00:00,384.3,129.2
2025-01-02 16:00:00,289.5,91.3
2025-01-02 17:00:00,53.2,0.0
2025-01-02 18:00:00,0.0,0.0
2025-01-02 19:00:00,0.0,0.0
2025-01-02 20:00:00,0.0,0.0
2025-01-02 21:00:00,0.0,0.0
2025-01-02 22:00:00,0.0,0.0
2025-01-02 23:00:00,0.0,0.0
2025-01-03 00:00:00,0.0,0.0
2025-01-03 01:00:00,0.0,0.0
2025-01-03 02:00:00,0.0,0.0
2025-01-03 03:00:00,0.0,0.0
2025-01-03 04:00:00,0.0,0.0
2025-01-03 05:00:00,0.0,0.0
2025-01-03 06:00:00,0.0,0.0
2025-01-03 07:00:00,0.0,0.0
2025-01-03 08:00:00,0.0,0.0
2025-01-03 09:00:00,0.0,0.0
2025-01-03 10:00:00,0.0,14.0
2025-01-03 11:00:00,3.0,12.1
2025-01-03 12:00:00,0.0,36.9
2025-01-03 13:00:00,228.7,16.0
2025-01-03 14:00:00,280.4,14.3
2025-01-03 15:00:00,122.7,120.1
2025-01-03 16:00:00,74.7,169.2
2025-01-03 17:00:00,37.7,90.5
2025-01-03 18:00:00,0.0,0.0
2025-01-03 19:00:00,0.0,0.0
2025-01-03 20:00:00,0.0,0.0
2025-01-03 21:00:00,0.0,0.0
2025-01-03 22:00:00,0.0,0.0
2025-01-03 23:00:00,0.0,0.0
2025-01-04 00:00:00,0.0,0.0
2025-01-04 01:00:00,0.0,0.0
2025-01-04 02:00:00,0.0,0.0
2025-01-04 03:00:00,0.0,0.0
2025-01-04 04:00:00,0.0,0.0
2025-01-04 05:00:00,0.0,0.0
2025-01-04 06:00:00,0.0,0.0
2025-01-04 07:00:00,0.0,0.0
2025-01-04 08:00:00,0.0,0.0
2025-01-04 09:00:00,145.8,100.4
2025-01-04 10:00:00,92.9,213.9
2025-01-04 11:00:00,54.3,105.7
2025-01-04 12:00:00,301.8,27.0
2025-01-04 13:00:00,198.3,73.0
2025-01-04 14:00:00,210.5,94.7
2025-01-04 15:00:00,22.2,94.4
2025-01-04 16:00:00,58.4,3.9
2025-01-04 17:00:00,52.2,0.0
2025-01-04 18:00:00,0.0,0.0
2025-01-04 19:00:00,0.0,0.0
2025-01-04 20:00:00,0.0,0.0
2025-01-04 21:00:00,0.0,0.0
2025-01-04 22:00:00,0.0,0.0
2025-01-04 23:00:00,0.0,0.0
2025-01-05 00:00:00,0.0,0.0
2025-01-05 01:00:00,0.0,0.0
2025-01-05 02:00:00,0.0,0.0
2025-01-05 03:00:00,0.0,0.0
2025-01-05 04:00:00,0.0,0.0
2025-01-05 05:00:00,0.0,0.0
2025-01-05 06:00:00,0.0,0.0
2025-01-05 07:00:00,0.0,0.0
2025-01-05 08:00:00,0.0,0.0
2025-01-05 09:00:00,0.0,0.0
2025-01-05 10:00:00,0.0,0.0
2025-01-05 11:00:00,24.1,6.0
2025-01-05 12:00:00,0.0,7.3
2025-01-05 13:00:00,70.4,18.2
2025-01-05 14:00:00,2.4,11.8
2025-01-05 15:00:00,2.8,2.8
2025-01-05 16:00:00,15.4,0.0
2025-01-05 17:00:00,51.7,0.0
2025-01-05 18:00:00,0.0,0.0
2025-01-05 19:00:00,0.0,0.0
2025-01-05 20:00:00,0.0,0.0
2025-01-05 21:00:00,0.0,0.0
2025-01-05 22:00:00,0.0,0.0
2025-01-05 23:00:00,0.0,0.0
2025-01-06 00:00:00,0.0,0.0
2025-01-06 01:00:00,0.0,0.0
2025-01-06 02:00:00,0.0,0.0
2025-01-06 03:00:00,0.0,0.0
2025-01-06 04:00:00,0.0,0.0
2025-01-06 05:00:00,0.0,0.0
2025-01-06 06:00:00,0.0,0.0
2025-01-06 07:00:00,0.0,0.0
2025-01-06 08:00:00,0.0,0.0
2025-01-06 09:00:00,154.2,72.7
2025-01-06 10:00:00,327.8,235.8
2025-01-06 11:00:00,417.0,276.3
2025-01-06 12:00:00,419.2,246.4
2025-01-06 13:00:00,642.2,294.3
2025-01-06 14:00:00,637.2,281.4
2025-01-06 15:00:00,454.3,309.6
2025-01-06 16:00:00,481.1,263.8
2025-01-06 17:00:00,350.9,139.1
2025-01-06 18:00:00,17.0,0.0
2025-01-06 19:00:00,0.0,0.0
2025-01-06 20:00:00,0.0,0.0
2025-01-06 21:00:00,0.0,0.0
2025-01-06 22:00:00,0.0,0.0
2025-01-06 23:00:00,0.0,0.0
2025-01-07 00:00:00,0.0,0.0
2025-01-07 01:00:00,0.0,0.0
2025-01-07 02:00:00,0.0,0.0
2025-01-07 03:00:00,0.0,0.0
2025-01-07 04:00:00,0.0,0.0
2025-01-07 05:00:00,0.0,0.0
2025-01-07 06:00:00,0.0,0.0
2025-01-07 07:00:00,0.0,0.0
2025-01-07 08:00:00,0.0,0.0
2025-01-07 09:00:00,0.0,0.0
2025-01-07 10:00:00,13.8,13.8
2025-01-07 11:00:00,62.8,65.8
2025-01-07 12:00:00,102.0,60.8
2025-01-07 13:00:00,13.5,54.1
2025-01-07 14:00:00,0.0,32.7
2025-01-07 15:00:00,5.4,16.3
2025-01-07 16:00:00,45.4,34.1
2025-01-07 17:00:00,123.0,21.7
2025-01-07 18:00:00,0.0,0.0
2025-01-07 19:00:00,0.0,0.0
2025-01-07 20:00:00,0.0,0.0
2025-01-07 21:00:00,0.0,0.0
2025-01-07 22:00:00,0.0,0.0
2025-01-07 23:00:00,0.0,0.0
2025-01-08 00:00:00,0.0,0.0
2025-01-08 01:00:00,0.0,0.0
2025-01-08 02:00:00,0.0,0.0
2025-01-08 03:00:00,0.0,0.0
2025-01-08 04:00:00,0.0,0.0
2025-01-08 05:00:00,0.0,0.0
2025-01-08 06:00:00,0.0,0.0
2025-01-08 07:00:00,0.0,0.0
2025-01-08 08:00:00,0.0,0.0
2025-01-08 09:00:00,0.0,0.0
2025-01-08 10:00:00,0.0,9.2
2025-01-08 11:00:00,17.9,11.9
2025-01-08 12:00:00,96.7,33.9
2025-01-08 13:00:00,186.1,44.9
2025-01-08 14:00:00,380.2,81.2
2025-01-08 15:00:00,639.9,183.8
2025-01-08 16:00:00,493.9,104.9
2025-01-08 17:00:00,250.6,129.1
2025-01-08 18:00:00,16.2,0.0
2025-01-08 19:00:00,0.0,0.0
2025-01-08 20:00:00,0.0,0.0
2025-01-08 21:00:00,0.0,0.0
2025-01-08 22:00:00,0.0,0.0
2025-01-08 23:00:00,0.0,0.0
2025-01-09 00:00:00,0.0,0.0
2025-01-09 01:00:00,0.0,0.0
2025-01-09 02:00:00,0.0,0.0
2025-01-09 03:00:00,0.0,0.0
2025-01-09 04:00:00,0.0,0.0
2025-01-09 05:00:00,0.0,0.0
2025-01-09 06:00:00,0.0,0.0
2025-01-09 07:00:00,0.0,0.0
2025-01-09 08:00:00,0.0,0.0
2025-01-09 09:00:00,89.8,36.0
2025-01-09 10:00:00,237.0,136.9
2025-01-09 11:00:00,237.2,287.9
2025-01-09 12:00:00,233.6,224.2
2025-01-09 13:00:00,377.0,147.4
2025-01-09 14:00:00,248.9,168.4
2025-01-09 15:00:00,396.7,222.7
2025-01-09 16:00:00,351.7,229.9
2025-01-09 17:00:00,247.9,120.6
2025-01-09 18:00:00,0.0,0.0
2025-01-09 19:00:00,0.0,0.0
2025-01-09 20:00:00,0.0,0.0
2025-01-09 21:00:00,0.0,0.0
2025-01-09 22:00:00,0.0,0.0
2025-01-09 23:00:00,0.0,0.0
2025-01-10 00:00:00,0.0,0.0
2025-01-10 01:00:00,0.0,0.0
2025-01-10 02:00:00,0.0,0.0
2025-01-10 03:00:00,0.0,0.0
2025-01-10 04:00:00,0.0,0.0
2025-01-10 05:00:00,0.0,0.0
2025-01-10 06:00:00,0.0,0.0
2025-01-10 07:00:00,0.0,0.0
2025-01-10 08:00:00,0.0,0.0
2025-01-10 09:00:00,17.9,17.9
2025-01-10 10:00:00,0.0,86.2
2025-01-10 11:00:00,0.0,56.1
2025-01-10 12:00:00,21.6,84.0
2025-01-10 13:00:00,15.5,68.9
2025-01-10 14:00:00,6.9,57.3
2025-01-10 15:00:00,5.3,103.9
2025-01-10 16:00:00,54.9,77.0
2025-01-10 17:00:00,14.0,14.0
2025-01-10 18:00:00,0.0,0.0
2025-01-10 19:00:00,0.0,0.0
2025-01-10 20:00:00,0.0,0.0
2025-01-10 21:00:00,0.0,0.0
2025-01-10 22:00:00,0.0,0.0
2025-01-10 23:00:00,0.0,0.0
2025-01-11 00:00:00,0.0,0.0
2025-01-11 01:00:00,0.0,0.0
2025-01-11 02:00:00,0.0,0.0
2025-01-11 03:00:00,0.0,0.0
2025-01-11 04:00:00,0.0,0.0
2025-01-11 05:00:00,0.0,0.0
2025-01-11 06:00:00,0.0,0.0
2025-01-11 07:00:00,0.0,0.0
2025-01-11 08:00:00,0.0,0.0
2025-01-11 09:00:00,53.3,8.9
2025-01-11 10:00:00,4.5,9.0
2025-01-11 11:00:00,0.0,44.1
2025-01-11 12:00:00,0.0,78.8
2025-01-11 13:00:00,0.0,101.7
2025-01-11 14:00:00,27.3,120.8
2025-01-11 15:00:00,0.0,163.9
2025-01-11 16:00:00,76.1,166.8
2025-01-11 17:00:00,117.8,69.4
2025-01-11 18:00:00,15.1,0.0
2025-01-11 19:00:00,0.0,0.0
2025-01-11 20:00:00,0.0,0.0
2025-01-11 21:00:00,0.0,0.0
2025-01-11 22:00:00,0.0,0.0
2025-01-11 23:00:00,0.0,0.0
2025-01-12 00:00:00,0.0,0.0
2025-01-12 01:00:00,0.0,0.0
2025-01-12 02:00:00,0.0,0.0
2025-01-12 03:00:00,0.0,0.0
2025-01-12 04:00:00,0.0,0.0
2025-01-12 05:00:00,0.0,0.0
2025-01-12 06:00:00,0.0,0.0
2025-01-12 07:00:00,0.0,0.0
2025-01-12 08:00:00,0.0,0.0
2025-01-12 09:00:00,132.6,17.7
2025-01-12 10:00:00,447.7,89.7
2025-01-12 11:00:00,712.9,307.1
2025-01-12 12:00:00,816.3,584.3
2025-01-12 13:00:00,816.9,782.5
2025-01-12 14:00:00,803.4,715.8
2025-01-12 15:00:00,764.8,639.8
2025-01-12 16:00:00,662.5,548.7
2025-01-12 17:00:00,328.7,308.5
2025-01-12 18:00:00,14.8,14.8
2025-01-12 19:00:00,0.0,0.0
2025-01-12 20:00:00,0.0,0.0
2025-01-12 21:00:00,0.0,0.0
2025-01-12 22:00:00,0.0,0.0
2025-01-12 23:00:00,0.0,0.0
2025-01-13 00:00:00,0.0,0.0
2025-01-13 01:00:00,0.0,0.0
2025-01-13 02:00:00,0.0,0.0
2025-01-13 03:00:00,0.0,0.0
2025-01-13 04:00:00,0.0,0.0
2025-01-13 05:00:00,0.0,0.0
2025-01-13 06:00:00,0.0,0.0
2025-01-13 07:00:00,0.0,0.0
2025-01-13 08:00:00,0.0,0.0
2025-01-13 09:00:00,254.8,114.4
2025-01-13 10:00:00,560.2,391.8
2025-01-13 11:00:00,694.4,477.0
2025-01-13 12:00:00,372.9,382.7
2025-01-13 13:00:00,316.6,373.7
2025-01-13 14:00:00,305.8,414.1
2025-01-13 15:00:00,267.6,283.5
2025-01-13 16:00:00,141.6,173.7
2025-01-13 17:00:00,27.1,67.8
2025-01-13 18:00:00,0.0,0.0
2025-01-13 19:00:00,0.0,0.0
2025-01-13 20:00:00,0.0,0.0
2025-01-13 21:00:00,0.0,0.0
2025-01-13 22:00:00,0.0,0.0
2025-01-13 23:00:00,0.0,0.0
2025-01-14 00:00:00,0.0,0.0
2025-01-14 01:00:00,0.0,0.0
2025-01-14 02:00:00,0.0,0.0
2025-01-14 03:00:00,0.0,0.0
2025-01-14 04:00:00,0.0,0.0
2025-01-14 05:00:00,0.0,0.0
2025-01-14 06:00:00,0.0,0.0
2025-01-14 07:00:00,0.0,0.0
2025-01-14 08:00:00,0.0,0.0
2025-01-14 09:00:00,296.8,218.5
2025-01-14 10:00:00,582.6,667.4
2025-01-14 11:00:00,707.7,795.1
2025-01-14 12:00:00,741.6,674.2
2025-01-14 13:00:00,547.0,669.1
2025-01-14 14:00:00,426.6,402.4
2025-01-14 15:00:00,296.3,294.1
2025-01-14 16:00:00,122.5,140.1
2025-01-14 17:00:00,53.5,46.9
2025-01-14 18:00:00,0.0,0.0
2025-01-14 19:00:00,0.0,0.0
2025-01-14 20:00:00,0.0,0.0
2025-01-14 21:00:00,0.0,0.0
2025-01-14 22:00:00,0.0,0.0
2025-01-14 23:00:00,0.0,0.0
2025-01-15 00:00:00,0.0,0.0
2025-01-15 01:00:00,0.0,0.0
2025-01-15 02:00:00,0.0,0.0
2025-01-15 03:00:00,0.0,0.0
2025-01-15 04:00:00,0.0,0.0
2025-01-15 05:00:00,0.0,0.0
2025-01-15 06:00:00,0.0,0.0
2025-01-15 07:00:00,0.0,0.0
2025-01-15 08:00:00,0.0,0.0
2025-01-15 09:00:00,234.1,138.9
2025-01-15 10:00:00,661.4,478.1
2025-01-15 11:00:00,798.1,669.6
2025-01-15 12:00:00,828.3,824.4
2025-01-15 13:00:00,869.4,848.6
2025-01-15 14:00:00,880.6,845.9
2025-01-15 15:00:00,835.5,795.4
2025-01-15 16:00:00,740.0,692.5
2025-01-15 17:00:00,542.0,463.2
2025-01-15 18:00:00,55.0,41.3
2025-01-15 19:00:00,0.0,0.0
2025-01-15 20:00:00,0.0,0.0
2025-01-15 21:00:00,0.0,0.0
2025-01-15 22:00:00,0.0,0.0
2025-01-15 23:00:00,0.0,0.0
2025-01-16 00:00:00,0.0,0.0
2025-01-16 01:00:00,0.0,0.0
2025-01-16 02:00:00,0.0,0.0
2025-01-16 03:00:00,0.0,0.0
2025-01-16 04:00:00,0.0,0.0
2025-01-16 05:00:00,0.0,0.0
2025-01-16 06:00:00,0.0,0.0
2025-01-16 07:00:00,0.0,0.0
2025-01-16 08:00:00,0.0,0.0
2025-01-16 09:00:00,309.8,180.9
2025-01-16 10:00:00,677.7,600.3
2025-01-16 11:00:00,801.5,750.9
2025-01-16 12:00:00,858.1,812.5
2025-01-16 13:00:00,874.7,836.9
2025-01-16 14:00:00,861.2,826.7
2025-01-16 15:00:00,818.2,778.5
2025-01-16 16:00:00,724.4,670.6
2025-01-16 17:00:00,536.5,446.9
2025-01-16 18:00:00,53.8,40.4
2025-01-16 19:00:00,0.0,0.0
2025-01-16 20:00:00,0.0,0.0
2025-01-16 21:00:00,0.0,0.0
2025-01-16 22:00:00,0.0,0.0
2025-01-16 23:00:00,0.0,0.0
2025-01-17 00:00:00,0.0,0.0
2025-01-17 01:00:00,0.0,0.0
2025-01-17 02:00:00,0.0,0.0
2025-01-17 03:00:00,0.0,0.0
2025-01-17 04:00:00,0.0,0.0
2025-01-17 05:00:00,0.0,0.0
2025-01-17 06:00:00,0.0,0.0
2025-01-17 07:00:00,0.0,0.0
2025-01-17 08:00:00,0.0,0.0
2025-01-17 09:00:00,298.8,256.4
2025-01-17 10:00:00,659.0,642.6
2025-01-17 11:00:00,790.5,774.3
2025-01-17 12:00:00,850.5,835.1
2025-01-17 13:00:00,869.1,859.2
2025-01-17 14:00:00,861.6,849.2
2025-01-17 15:00:00,816.2,804.4
2025-01-17 16:00:00,722.5,706.5
2025-01-17 17:00:00,530.9,493.9
2025-01-17 18:00:00,65.7,52.6
2025-01-17 19:00:00,0.0,0.0
2025-01-17 20:00:00,0.0,0.0
2025-01-17 21:00:00,0.0,0.0
2025-01-17 22:00:00,0.0,0.0
2025-01-17 23:00:00,0.0,0.0
2025-01-18 00:00:00,0.0,0.0
2025-01-18 01:00:00,0.0,0.0
2025-01-18 02:00:00,0.0,0.0
2025-01-18 03:00:00,0.0,0.0
2025-01-18 04:00:00,0.0,0.0
2025-01-18 05:00:00,0.0,0.0
2025-01-18 06:00:00,0.0,0.0
2025-01-18 07:00:00,0.0,0.0
2025-01-18 08:00:00,0.0,0.0
2025-01-18 09:00:00,296.3,271.3
2025-01-18 10:00:00,648.9,654.0
2025-01-18 11:00:00,773.8,780.2
2025-01-18 12:00:00,833.6,841.2
2025-01-18 13:00:00,854.9,862.0
2025-01-18 14:00:00,851.0,851.7
2025-01-18 15:00:00,811.5,807.3
2025-01-18 16:00:00,717.1,708.0
2025-01-18 17:00:00,531.4,495.3
2025-01-18 18:00:00,64.2,51.4
2025-01-18 19:00:00,0.0,0.0
2025-01-18 20:00:00,0.0,0.0
2025-01-18 21:00:00,0.0,0.0
2025-01-18 22:00:00,0.0,0.0
2025-01-18 23:00:00,0.0,0.0
2025-01-19 00:00:00,0.0,0.0
2025-01-19 01:00:00,0.0,0.0
2025-01-19 02:00:00,0.0,0.0
2025-01-19 03:00:00,0.0,0.0
2025-01-19 04:00:00,0.0,0.0
2025-01-19 05:00:00,0.0,0.0
2025-01-19 06:00:00,0.0,0.0
2025-01-19 07:00:00,0.0,0.0
2025-01-19 08:00:00,0.0,0.0
2025-01-19 09:00:00,0.0,0.0
2025-01-19 10:00:00,0.0,4.2
2025-01-19 11:00:00,36.3,2.8
2025-01-19 12:00:00,0.0,20.5
2025-01-19 13:00:00,18.9,4.2
2025-01-19 14:00:00,6.5,2.2
2025-01-19 15:00:00,0.0,9.9
2025-01-19 16:00:00,0.0,6.6
2025-01-19 17:00:00,24.2,0.0
2025-01-19 18:00:00,0.0,0.0
2025-01-19 19:00:00,0.0,0.0
2025-01-19 20:00:00,0.0,0.0
2025-01-19 21:00:00,0.0,0.0
2025-01-19 22:00:00,0.0,0.0
2025-01-19 23:00:00,0.0,0.0
2025-01-20 00:00:00,0.0,0.0
2025-01-20 01:00:00,0.0,0.0
2025-01-20 02:00:00,0.0,0.0
2025-01-20 03:00:00,0.0,0.0
2025-01-20 04:00:00,0.0,0.0
2025-01-20 05:00:00,0.0,0.0
2025-01-20 06:00:00,0.0,0.0
2025-01-20 07:00:00,0.0,0.0
2025-01-20 08:00:00,0.0,0.0
2025-01-20 09:00:00,0.0,8.3
2025-01-20 10:00:00,8.4,8.4
2025-01-20 11:00:00,0.0,19.4
2025-01-20 12:00:00,0.0,9.0
2025-01-20 13:00:00,75.2,4.2
2025-01-20 14:00:00,12.8,38.5
2025-01-20 15:00:00,2.4,4.9
2025-01-20 16:00:00,6.5,0.0
2025-01-20 17:00:00,0.0,0.0
2025-01-20 18:00:00,0.0,0.0
2025-01-20 19:00:00,0.0,0.0
2025-01-20 20:00:00,0.0,0.0
2025-01-20 21:00:00,0.0,0.0
2025-01-20 22:00:00,0.0,0.0
2025-01-20 23:00:00,0.0,0.0
2025-01-21 00:00:00,0.0,0.0
2025-01-21 01:00:00,0.0,0.0
2025-01-21 02:00:00,0.0,0.0
2025-01-21 03:00:00,0.0,0.0
2025-01-21 04:00:00,0.0,0.0
2025-01-21 05:00:00,0.0,0.0
2025-01-21 06:00:00,0.0,0.0
2025-01-21 07:00:00,0.0,0.0
2025-01-21 08:00:00,0.0,0.0
2025-01-21 09:00:00,148.4,49.5
2025-01-21 10:00:00,497.7,141.2
2025-01-21 11:00:00,272.5,184.6
2025-01-21 12:00:00,350.1,173.0
2025-01-21 13:00:00,543.1,68.5
2025-01-21 14:00:00,388.4,133.8
2025-01-21 15:00:00,455.6,196.5
2025-01-21 16:00:00,482.4,74.1
2025-01-21 17:00:00,144.6,5.8
2025-01-21 18:00:00,12.0,0.0
2025-01-21 19:00:00,0.0,0.0
2025-01-21 20:00:00,0.0,0.0
2025-01-21 21:00:00,0.0,0.0
2025-01-21 22:00:00,0.0,0.0
2025-01-21 23:00:00,0.0,0.0
2025-01-22 00:00:00,0.0,0.0
2025-01-22 01:00:00,0.0,0.0
2025-01-22 02:00:00,0.0,0.0
2025-01-22 03:00:00,0.0,0.0
2025-01-22 04:00:00,0.0,0.0
2025-01-22 05:00:00,0.0,0.0
2025-01-22 06:00:00,0.0,0.0
2025-01-22 07:00:00,0.0,0.0
2025-01-22 08:00:00,0.0,0.0
2025-01-22 09:00:00,16.3,0.0
2025-01-22 10:00:00,8.2,0.0
2025-01-22 11:00:00,2.7,8.2
2025-01-22 12:00:00,53.5,33.5
2025-01-22 13:00:00,8.2,65.9
2025-01-22 14:00:00,59.0,124.4
2025-01-22 15:00:00,180.1,69.7
2025-01-22 16:00:00,162.0,54.1
2025-01-22 17:00:00,56.6,17.0
2025-01-22 18:00:00,11.7,0.0
2025-01-22 19:00:00,0.0,0.0
2025-01-22 20:00:00,0.0,0.0
2025-01-22 21:00:00,0.0,0.0
2025-01-22 22:00:00,0.0,0.0
2025-01-22 23:00:00,0.0,0.0
2025-01-23 00:00:00,0.0,0.0
2025-01-23 01:00:00,0.0,0.0
2025-01-23 02:00:00,0.0,0.0
2025-01-23 03:00:00,0.0,0.0
2025-01-23 04:00:00,0.0,0.0
2025-01-23 05:00:00,0.0,0.0
2025-01-23 06:00:00,0.0,0.0
2025-01-23 07:00:00,0.0,0.0
2025-01-23 08:00:00,0.0,0.0
2025-01-23 09:00:00,234.4,275.1
2025-01-23 10:00:00,540.3,630.4
2025-01-23 11:00:00,747.8,762.1
2025-01-23 12:00:00,814.2,821.5
2025-01-23 13:00:00,840.0,832.5
2025-01-23 14:00:00,716.9,644.3
2025-01-23 15:00:00,621.1,645.5
2025-01-23 16:00:00,546.2,663.1
2025-01-23 17:00:00,460.1,416.4
2025-01-23 18:00:00,91.8,46.0
2025-01-23 19:00:00,0.0,0.0
2025-01-23 20:00:00,0.0,0.0
2025-01-23 21:00:00,0.0,0.0
2025-01-23 22:00:00,0.0,0.0
2025-01-23 23:00:00,0.0,0.0
2025-01-24 00:00:00,0.0,0.0
2025-01-24 01:00:00,0.0,0.0
2025-01-24 02:00:00,0.0,0.0
2025-01-24 03:00:00,0.0,0.0
2025-01-24 04:00:00,0.0,0.0
2025-01-24 05:00:00,0.0,0.0
2025-01-24 06:00:00,0.0,0.0
2025-01-24 07:00:00,0.0,0.0
2025-01-24 08:00:00,0.0,0.0
2025-01-24 09:00:00,88.0,24.0
2025-01-24 10:00:00,56.3,156.9
2025-01-24 11:00:00,0.0,177.6
2025-01-24 12:00:00,30.7,76.9
2025-01-24 13:00:00,16.2,168.5
2025-01-24 14:00:00,16.6,101.7
2025-01-24 15:00:00,2.4,16.5
2025-01-24 16:00:00,0.0,0.0
2025-01-24 17:00:00,0.0,0.0
2025-01-24 18:00:00,0.0,0.0
2025-01-24 19:00:00,0.0,0.0
2025-01-24 20:00:00,0.0,0.0
2025-01-24 21:00:00,0.0,0.0
2025-01-24 22:00:00,0.0,0.0
2025-01-24 23:00:00,0.0,0.0
2025-01-25 00:00:00,0.0,0.0
2025-01-25 01:00:00,0.0,0.0
2025-01-25 02:00:00,0.0,0.0
2025-01-25 03:00:00,0.0,0.0
2025-01-25 04:00:00,0.0,0.0
2025-01-25 05:00:00,0.0,0.0
2025-01-25 06:00:00,0.0,0.0
2025-01-25 07:00:00,0.0,0.0
2025-01-25 08:00:00,0.0,0.0
2025-01-25 09:00:00,277.0,95.1
2025-01-25 10:00:00,337.8,246.7
2025-01-25 11:00:00,335.9,384.2
2025-01-25 12:00:00,586.5,395.0
2025-01-25 13:00:00,717.0,459.6
2025-01-25 14:00:00,740.7,438.6
2025-01-25 15:00:00,752.4,364.8
2025-01-25 16:00:00,591.4,392.7
2025-01-25 17:00:00,335.1,303.7
2025-01-25 18:00:00,55.0,55.1
2025-01-25 19:00:00,0.0,0.0
2025-01-25 20:00:00,0.0,0.0
2025-01-25 21:00:00,0.0,0.0
2025-01-25 22:00:00,0.0,0.0
2025-01-25 23:00:00,0.0,0.0
2025-01-26 00:00:00,0.0,0.0
2025-01-26 01:00:00,0.0,0.0
2025-01-26 02:00:00,0.0,0.0
2025-01-26 03:00:00,0.0,0.0
2025-01-26 04:00:00,0.0,0.0
2025-01-26 05:00:00,0.0,0.0
2025-01-26 06:00:00,0.0,0.0
2025-01-26 07:00:00,0.0,0.0
2025-01-26 08:00:00,0.0,0.0
2025-01-26 09:00:00,0.0,0.0
2025-01-26 10:00:00,0.0,0.0
2025-01-26 11:00:00,0.0,2.6
2025-01-26 12:00:00,0.0,2.2
2025-01-26 13:00:00,0.0,0.0
2025-01-26 14:00:00,0.0,0.0
2025-01-26 15:00:00,0.0,0.0
2025-01-26 16:00:00,0.0,0.0
2025-01-26 17:00:00,0.0,0.0
2025-01-26 18:00:00,0.0,0.0
2025-01-26 19:00:00,0.0,0.0
2025-01-26 20:00:00,0.0,0.0
2025-01-26 21:00:00,0.0,0.0
2025-01-26 22:00:00,0.0,0.0
2025-01-26 23:00:00,0.0,0.0
2025-01-27 00:00:00,0.0,0.0
2025-01-27 01:00:00,0.0,0.0
2025-01-27 02:00:00,0.0,0.0
2025-01-27 03:00:00,0.0,0.0
2025-01-27 04:00:00,0.0,0.0
2025-01-27 05:00:00,0.0,0.0
2025-01-27 06:00:00,0.0,0.0
2025-01-27 07:00:00,0.0,0.0
2025-01-27 08:00:00,0.0,0.0
2025-01-27 09:00:00,224.5,131.8
2025-01-27 10:00:00,147.6,46.7
2025-01-27 11:00:00,52.4,42.0
2025-01-27 12:00:00,77.3,34.4
2025-01-27 13:00:00,67.5,27.8
2025-01-27 14:00:00,14.2,66.9
2025-01-27 15:00:00,312.0,32.1
2025-01-27 16:00:00,347.1,80.9
2025-01-27 17:00:00,184.0,117.7
2025-01-27 18:00:00,52.8,21.2
2025-01-27 19:00:00,0.0,0.0
2025-01-27 20:00:00,0.0,0.0
2025-01-27 21:00:00,0.0,0.0
2025-01-27 22:00:00,0.0,0.0
2025-01-27 23:00:00,0.0,0.0
2025-01-28 00:00:00,0.0,0.0
2025-01-28 01:00:00,0.0,0.0
2025-01-28 02:00:00,0.0,0.0
2025-01-28 03:00:00,0.0,0.0
2025-01-28 04:00:00,0.0,0.0
2025-01-28 05:00:00,0.0,0.0
2025-01-28 06:00:00,0.0,0.0
2025-01-28 07:00:00,0.0,0.0
2025-01-28 08:00:00,0.0,0.0
2025-01-28 09:00:00,214.3,61.3
2025-01-28 10:00:00,295.6,111.5
2025-01-28 11:00:00,436.4,150.8
2025-01-28 12:00:00,400.6,134.4
2025-01-28 13:00:00,557.4,183.3
2025-01-28 14:00:00,532.4,251.4
2025-01-28 15:00:00,518.3,368.6
2025-01-28 16:00:00,446.5,293.0
2025-01-28 17:00:00,335.7,55.2
2025-01-28 18:00:00,62.1,0.0
2025-01-28 19:00:00,0.0,0.0
2025-01-28 20:00:00,0.0,0.0
2025-01-28 21:00:00,0.0,0.0
2025-01-28 22:00:00,0.0,0.0
2025-01-28 23:00:00,0.0,0.0
2025-01-29 00:00:00,0.0,0.0
2025-01-29 01:00:00,0.0,0.0
2025-01-29 02:00:00,0.0,0.0
2025-01-29 03:00:00,0.0,0.0
2025-01-29 04:00:00,0.0,0.0
2025-01-29 05:00:00,0.0,0.0
2025-01-29 06:00:00,0.0,0.0
2025-01-29 07:00:00,0.0,0.0
2025-01-29 08:00:00,0.0,0.0
2025-01-29 09:00:00,15.1,22.7
2025-01-29 10:00:00,22.8,167.0
2025-01-29 11:00:00,95.3,507.6
2025-01-29 12:00:00,697.6,482.4
2025-01-29 13:00:00,717.2,381.4
2025-01-29 14:00:00,633.7,418.8
2025-01-29 15:00:00,524.8,155.5
2025-01-29 16:00:00,210.4,2.9
2025-01-29 17:00:00,39.3,14.8
2025-01-29 18:00:00,0.0,0.0
2025-01-29 19:00:00,0.0,0.0
2025-01-29 20:00:00,0.0,0.0
2025-01-29 21:00:00,0.0,0.0
2025-01-29 22:00:00,0.0,0.0
2025-01-29 23:00:00,0.0,0.0
2025-01-30 00:00:00,0.0,0.0
2025-01-30 01:00:00,0.0,0.0
2025-01-30 02:00:00,0.0,0.0
2025-01-30 03:00:00,0.0,0.0
2025-01-30 04:00:00,0.0,0.0
2025-01-30 05:00:00,0.0,0.0
2025-01-30 06:00:00,0.0,0.0
2025-01-30 07:00:00,0.0,0.0
2025-01-30 08:00:00,0.0,0.0
2025-01-30 09:00:00,358.6,359.0
2025-01-30 10:00:00,677.9,682.4
2025-01-30 11:00:00,785.6,801.6
2025-01-30 12:00:00,780.1,713.6
2025-01-30 13:00:00,686.4,622.9
2025-01-30 14:00:00,672.0,688.4
2025-01-30 15:00:00,662.7,596.3
2025-01-30 16:00:00,626.4,624.2
2025-01-30 17:00:00,549.3,506.6
2025-01-30 18:00:00,69.6,49.8
2025-01-30 19:00:00,0.0,0.0
2025-01-30 20:00:00,0.0,0.0
2025-01-30 21:00:00,0.0,0.0
2025-01-30 22:00:00,0.0,0.0
2025-01-30 23:00:00,0.0,0.0
2025-01-31 00:00:00,0.0,0.0
2025-01-31 01:00:00,0.0,0.0
2025-01-31 02:00:00,0.0,0.0
2025-01-31 03:00:00,0.0,0.0
2025-01-31 04:00:00,0.0,0.0
2025-01-31 05:00:00,0.0,0.0
2025-01-31 06:00:00,0.0,0.0
2025-01-31 07:00:00,0.0,0.0
2025-01-31 08:00:00,0.0,0.0
2025-01-31 09:00:00,354.2,147.7
2025-01-31 10:00:00,661.9,477.5
2025-01-31 11:00:00,778.3,766.3
2025-01-31 12:00:00,840.2,832.6
2025-01-31 13:00:00,858.0,856.7
2025-01-31 14:00:00,827.2,847.5
2025-01-31 15:00:00,791.3,807.4
2025-01-31 16:00:00,704.5,725.2
2025-01-31 17:00:00,524.6,544.2
2025-01-31 18:00:00,107.2,107.4
2025-01-31 19:00:00,0.0,0.0
2025-01-31 20:00:00,0.0,0.0
2025-01-31 21:00:00,0.0,0.0
2025-01-31 22:00:00,0.0,0.0
2025-01-31 23:00:00,0.0,0.0
2025-02-01 00:00:00,0.0,0.0
2025-02-01 01:00:00,0.0,0.0
2025-02-01 02:00:00,0.0,0.0
2025-02-01 03:00:00,0.0,0.0
2025-02-01 04:00:00,0.0,0.0
2025-02-01 05:00:00,0.0,0.0
2025-02-01 06:00:00,0.0,0.0
2025-02-01 07:00:00,0.0,0.0
2025-02-01 08:00:00,0.0,0.0
2025-02-01 09:00:00,65.6,29.2
2025-02-01 10:00:00,255.5,25.6
2025-02-01 11:00:00,210.2,70.1
2025-02-01 12:00:00,142.3,37.2
2025-02-01 13:00:00,257.6,47.7
2025-02-01 14:00:00,0.0,35.0
2025-02-01 15:00:00,28.5,67.9
2025-02-01 16:00:00,107.1,16.9
2025-02-01 17:00:00,13.9,0.0
2025-02-01 18:00:00,0.0,0.0
2025-02-01 19:00:00,0.0,0.0
2025-02-01 20:00:00,0.0,0.0
2025-02-01 21:00:00,0.0,0.0
2025-02-01 22:00:00,0.0,0.0
2025-02-01 23:00:00,0.0,0.0
2025-02-02 00:00:00,0.0,0.0
2025-02-02 01:00:00,0.0,0.0
2025-02-02 02:00:00,0.0,0.0
2025-02-02 03:00:00,0.0,0.0
2025-02-02 04:00:00,0.0,0.0
2025-02-02 05:00:00,0.0,0.0
2025-02-02 06:00:00,0.0,0.0
2025-02-02 07:00:00,0.0,0.0
2025-02-02 08:00:00,0.0,0.0
2025-02-02 09:00:00,0.0,28.8
2025-02-02 10:00:00,86.5,158.7
2025-02-02 11:00:00,733.6,535.8
2025-02-02 12:00:00,873.2,755.2
2025-02-02 13:00:00,848.0,808.8
2025-02-02 14:00:00,832.7,698.3
2025-02-02 15:00:00,828.4,627.3
2025-02-02 16:00:00,712.8,546.3
2025-02-02 17:00:00,591.3,428.1
2025-02-02 18:00:00,178.2,122.0
2025-02-02 19:00:00,0.0,0.0
2025-02-02 20:00:00,0.0,0.0
2025-02-02 21:00:00,0.0,0.0
2025-02-02 22:00:00,0.0,0.0
2025-02-02 23:00:00,0.0,0.0
2025-02-03 00:00:00,0.0,0.0
2025-02-03 01:00:00,0.0,0.0
2025-02-03 02:00:00,0.0,0.0
2025-02-03 03:00:00,0.0,0.0
2025-02-03 04:00:00,0.0,0.0
2025-02-03 05:00:00,0.0,0.0
2025-02-03 06:00:00,0.0,0.0
2025-02-03 07:00:00,0.0,0.0
2025-02-03 08:00:00,0.0,18.4
2025-02-03 09:00:00,383.2,383.6
2025-02-03 10:00:00,668.2,679.6
2025-02-03 11:00:00,790.2,798.3
2025-02-03 12:00:00,849.6,858.3
2025-02-03 13:00:00,874.8,884.9
2025-02-03 14:00:00,871.5,881.7
2025-02-03 15:00:00,837.8,844.9
2025-02-03 16:00:00,762.1,765.6
2025-02-03 17:00:00,602.6,594.5
2025-02-03 18:00:00,193.2,165.8
2025-02-03 19:00:00,0.0,0.0
2025-02-03 20:00:00,0.0,0.0
2025-02-03 21:00:00,0.0,0.0
2025-02-03 22:00:00,0.0,0.0
2025-02-03 23:00:00,0.0,0.0
2025-02-04 00:00:00,0.0,0.0
2025-02-04 01:00:00,0.0,0.0
2025-02-04 02:00:00,0.0,0.0
2025-02-04 03:00:00,0.0,0.0
2025-02-04 04:00:00,0.0,0.0
2025-02-04 05:00:00,0.0,0.0
2025-02-04 06:00:00,0.0,0.0
2025-02-04 07:00:00,0.0,0.0
2025-02-04 08:00:00,0.0,17.8
2025-02-04 09:00:00,49.0,140.2
2025-02-04 10:00:00,234.9,122.8
2025-02-04 11:00:00,243.0,160.5
2025-02-04 12:00:00,564.8,235.4
2025-02-04 13:00:00,208.5,205.0
2025-02-04 14:00:00,312.7,252.2
2025-02-04 15:00:00,538.3,368.4
2025-02-04 16:00:00,443.1,370.1
2025-02-04 17:00:00,543.3,434.3
2025-02-04 18:00:00,135.4,108.4
2025-02-04 19:00:00,0.0,0.0
2025-02-04 20:00:00,0.0,0.0
2025-02-04 21:00:00,0.0,0.0
2025-02-04 22:00:00,0.0,0.0
2025-02-04 23:00:00,0.0,0.0
2025-02-05 00:00:00,0.0,0.0
2025-02-05 01:00:00,0.0,0.0
2025-02-05 02:00:00,0.0,0.0
2025-02-05 03:00:00,0.0,0.0
2025-02-05 04:00:00,0.0,0.0
2025-02-05 05:00:00,0.0,0.0
2025-02-05 06:00:00,0.0,0.0
2025-02-05 07:00:00,0.0,0.0
2025-02-05 08:00:00,17.2,17.3
2025-02-05 09:00:00,414.5,401.0
2025-02-05 10:00:00,684.9,685.5
2025-02-05 11:00:00,803.4,801.7
2025-02-05 12:00:00,858.8,857.5
2025-02-05 13:00:00,873.4,875.9
2025-02-05 14:00:00,868.0,870.5
2025-02-05 15:00:00,834.6,835.2
2025-02-05 16:00:00,754.9,758.3
2025-02-05 17:00:00,610.9,594.4
2025-02-05 18:00:00,221.5,177.4
2025-02-05 19:00:00,0.0,0.0
2025-02-05 20:00:00,0.0,0.0
2025-02-05 21:00:00,0.0,0.0
2025-02-05 22:00:00,0.0,0.0
2025-02-05 23:00:00,0.0,0.0
2025-02-06 00:00:00,0.0,0.0
2025-02-06 01:00:00,0.0,0.0
2025-02-06 02:00:00,0.0,0.0
2025-02-06 03:00:00,0.0,0.0
2025-02-06 04:00:00,0.0,0.0
2025-02-06 05:00:00,0.0,0.0
2025-02-06 06:00:00,0.0,0.0
2025-02-06 07:00:00,0.0,0.0
2025-02-06 08:00:00,0.0,0.0
2025-02-06 09:00:00,61.3,34.1
2025-02-06 10:00:00,160.4,163.9
2025-02-06 11:00:00,209.5,145.4
2025-02-06 12:00:00,280.5,94.9
2025-02-06 13:00:00,293.0,106.3
2025-02-06 14:00:00,344.6,158.5
2025-02-06 15:00:00,290.2,269.5
2025-02-06 16:00:00,199.1,329.5
2025-02-06 17:00:00,177.4,334.2
2025-02-06 18:00:00,52.2,52.2
2025-02-06 19:00:00,0.0,0.0
2025-02-06 20:00:00,0.0,0.0
2025-02-06 21:00:00,0.0,0.0
2025-02-06 22:00:00,0.0,0.0
2025-02-06 23:00:00,0.0,0.0
2025-02-07 00:00:00,0.0,0.0
2025-02-07 01:00:00,0.0,0.0
2025-02-07 02:00:00,0.0,0.0
2025-02-07 03:00:00,0.0,0.0
2025-02-07 04:00:00,0.0,0.0
2025-02-07 05:00:00,0.0,0.0
2025-02-07 06:00:00,0.0,0.0
2025-02-07 07:00:00,0.0,0.0
2025-02-07 08:00:00,0.0,0.0
2025-02-07 09:00:00,127.7,94.2
2025-02-07 10:00:00,208.6,192.0
2025-02-07 11:00:00,412.5,219.4
2025-02-07 12:00:00,624.6,233.2
2025-02-07 13:00:00,541.1,318.0
2025-02-07 14:00:00,700.0,351.2
2025-02-07 15:00:00,682.4,298.0
2025-02-07 16:00:00,656.0,330.9
2025-02-07 17:00:00,394.2,349.0
2025-02-07 18:00:00,196.4,111.1
2025-02-07 19:00:00,0.0,0.0
2025-02-07 20:00:00,0.0,0.0
2025-02-07 21:00:00,0.0,0.0
2025-02-07 22:00:00,0.0,0.0
2025-02-07 23:00:00,0.0,0.0
2025-02-08 00:00:00,0.0,0.0
2025-02-08 01:00:00,0.0,0.0
2025-02-08 02:00:00,0.0,0.0
2025-02-08 03:00:00,0.0,0.0
2025-02-08 04:00:00,0.0,0.0
2025-02-08 05:00:00,0.0,0.0
2025-02-08 06:00:00,0.0,0.0
2025-02-08 07:00:00,0.0,0.0
2025-02-08 08:00:00,15.8,15.8
2025-02-08 09:00:00,444.2,285.3
2025-02-08 10:00:00,673.7,318.9
2025-02-08 11:00:00,744.2,191.5
2025-02-08 12:00:00,675.4,128.2
2025-02-08 13:00:00,677.1,88.3
2025-02-08 14:00:00,195.9,44.0
2025-02-08 15:00:00,151.6,10.2
2025-02-08 16:00:00,119.3,49.3
2025-02-08 17:00:00,57.1,49.0
2025-02-08 18:00:00,0.0,0.0
2025-02-08 19:00:00,0.0,0.0
2025-02-08 20:00:00,0.0,0.0
2025-02-08 21:00:00,0.0,0.0
2025-02-08 22:00:00,0.0,0.0
2025-02-08 23:00:00,0.0,0.0
2025-02-09 00:00:00,0.0,0.0
2025-02-09 01:00:00,0.0,0.0
2025-02-09 02:00:00,0.0,0.0
2025-02-09 03:00:00,0.0,0.0
2025-02-09 04:00:00,0.0,0.0
2025-02-09 05:00:00,0.0,0.0
2025-02-09 06:00:00,0.0,0.0
2025-02-09 07:00:00,0.0,0.0
2025-02-09 08:00:00,0.0,0.0
2025-02-09 09:00:00,6.5,0.0
2025-02-09 10:00:00,81.8,6.6
2025-02-09 11:00:00,224.0,18.5
2025-02-09 12:00:00,211.6,36.6
2025-02-09 13:00:00,67.9,16.1
2025-02-09 14:00:00,47.2,58.1
2025-02-09 15:00:00,111.6,28.4
2025-02-09 16:00:00,89.7,35.9
2025-02-09 17:00:00,32.1,8.0
2025-02-09 18:00:00,0.0,0.0
2025-02-09 19:00:00,0.0,0.0
2025-02-09 20:00:00,0.0,0.0
2025-02-09 21:00:00,0.0,0.0
2025-02-09 22:00:00,0.0,0.0
2025-02-09 23:00:00,0.0,0.0
2025-02-10 00:00:00,0.0,0.0
2025-02-10 01:00:00,0.0,0.0
2025-02-10 02:00:00,0.0,0.0
2025-02-10 03:00:00,0.0,0.0
2025-02-10 04:00:00,0.0,0.0
2025-02-10 05:00:00,0.0,0.0
2025-02-10 06:00:00,0.0,0.0
2025-02-10 07:00:00,0.0,0.0
2025-02-10 08:00:00,0.0,0.0
2025-02-10 09:00:00,128.9,32.3
2025-02-10 10:00:00,348.6,161.5
2025-02-10 11:00:00,349.7,233.3
2025-02-10 12:00:00,564.4,158.4
2025-02-10 13:00:00,681.8,333.2
2025-02-10 14:00:00,221.4,389.1
2025-02-10 15:00:00,392.0,297.8
2025-02-10 16:00:00,337.1,121.8
2025-02-10 17:00:00,212.8,47.3
2025-02-10 18:00:00,48.6,0.0
2025-02-10 19:00:00,0.0,0.0
2025-02-10 20:00:00,0.0,0.0
2025-02-10 21:00:00,0.0,0.0
2025-02-10 22:00:00,0.0,0.0
2025-02-10 23:00:00,0.0,0.0
2025-02-11 00:00:00,0.0,0.0
2025-02-11 01:00:00,0.0,0.0
2025-02-11 02:00:00,0.0,0.0
2025-02-11 03:00:00,0.0,0.0
2025-02-11 04:00:00,0.0,0.0
2025-02-11 05:00:00,0.0,0.0
2025-02-11 06:00:00,0.0,0.0
2025-02-11 07:00:00,0.0,0.0
2025-02-11 08:00:00,0.0,0.0
2025-02-11 09:00:00,0.0,0.0
2025-02-11 10:00:00,25.5,0.0
2025-02-11 11:00:00,13.6,0.0
2025-02-11 12:00:00,73.7,1.9
2025-02-11 13:00:00,130.0,36.9
2025-02-11 14:00:00,157.1,69.7
2025-02-11 15:00:00,121.5,39.9
2025-02-11 16:00:00,97.7,22.6
2025-02-11 17:00:00,143.4,38.8
2025-02-11 18:00:00,47.8,8.0
2025-02-11 19:00:00,0.0,0.0
2025-02-11 20:00:00,0.0,0.0
2025-02-11 21:00:00,0.0,0.0
2025-02-11 22:00:00,0.0,0.0
2025-02-11 23:00:00,0.0,0.0
2025-02-12 00:00:00,0.0,0.0
2025-02-12 01:00:00,0.0,0.0
2025-02-12 02:00:00,0.0,0.0
2025-02-12 03:00:00,0.0,0.0
2025-02-12 04:00:00,0.0,0.0
2025-02-12 05:00:00,0.0,0.0
2025-02-12 06:00:00,0.0,0.0
2025-02-12 07:00:00,0.0,0.0
2025-02-12 08:00:00,14.0,14.0
2025-02-12 09:00:00,351.1,169.4
2025-02-12 10:00:00,486.6,282.8
2025-02-12 11:00:00,604.5,349.5
2025-02-12 12:00:00,500.2,380.6
2025-02-12 13:00:00,552.1,395.6
2025-02-12 14:00:00,555.9,324.2
2025-02-12 15:00:00,678.9,543.1
2025-02-12 16:00:00,463.4,548.2
2025-02-12 17:00:00,45.7,320.5
2025-02-12 18:00:00,0.0,54.9
2025-02-12 19:00:00,0.0,0.0
2025-02-12 20:00:00,0.0,0.0
2025-02-12 21:00:00,0.0,0.0
2025-02-12 22:00:00,0.0,0.0
2025-02-12 23:00:00,0.0,0.0
2025-02-13 00:00:00,0.0,0.0
2025-02-13 01:00:00,0.0,0.0
2025-02-13 02:00:00,0.0,0.0
2025-02-13 03:00:00,0.0,0.0
2025-02-13 04:00:00,0.0,0.0
2025-02-13 05:00:00,0.0,0.0
2025-02-13 06:00:00,0.0,0.0
2025-02-13 07:00:00,0.0,0.0
2025-02-13 08:00:00,0.0,0.0
2025-02-13 09:00:00,153.9,37.0
2025-02-13 10:00:00,263.2,173.5
2025-02-13 11:00:00,341.3,164.1
2025-02-13 12:00:00,304.5,371.7
2025-02-13 13:00:00,342.0,418.3
2025-02-13 14:00:00,488.1,446.2
2025-02-13 15:00:00,267.9,573.4
2025-02-13 16:00:00,83.3,637.8
2025-02-13 17:00:00,37.5,217.7
2025-02-13 18:00:00,77.0,15.4
2025-02-13 19:00:00,0.0,0.0
2025-02-13 20:00:00,0.0,0.0
2025-02-13 21:00:00,0.0,0.0
2025-02-13 22:00:00,0.0,0.0
2025-02-13 23:00:00,0.0,0.0
2025-02-14 00:00:00,0.0,0.0
2025-02-14 01:00:00,0.0,0.0
2025-02-14 02:00:00,0.0,0.0
2025-02-14 03:00:00,0.0,0.0
2025-02-14 04:00:00,0.0,0.0
2025-02-14 05:00:00,0.0,0.0
2025-02-14 06:00:00,0.0,0.0
2025-02-14 07:00:00,0.0,0.0
2025-02-14 08:00:00,13.3,26.5
2025-02-14 09:00:00,167.9,276.2
2025-02-14 10:00:00,299.3,403.5
2025-02-14 11:00:00,572.6,384.2
2025-02-14 12:00:00,412.3,198.9
2025-02-14 13:00:00,114.8,204.0
2025-02-14 14:00:00,125.4,38.3
2025-02-14 15:00:00,100.8,114.4
2025-02-14 16:00:00,70.3,118.9
2025-02-14 17:00:00,103.4,51.7
2025-02-14 18:00:00,144.0,15.2
2025-02-14 19:00:00,0.0,0.0
2025-02-14 20:00:00,0.0,0.0
2025-02-14 21:00:00,0.0,0.0
2025-02-14 22:00:00,0.0,0.0
2025-02-14 23:00:00,0.0,0.0
2025-02-15 00:00:00,0.0,0.0
2025-02-15 01:00:00,0.0,0.0
2025-02-15 02:00:00,0.0,0.0
2025-02-15 03:00:00,0.0,0.0
2025-02-15 04:00:00,0.0,0.0
2025-02-15 05:00:00,0.0,0.0
2025-02-15 06:00:00,0.0,0.0
2025-02-15 07:00:00,0.0,0.0
2025-02-15 08:00:00,12.9,12.9
2025-02-15 09:00:00,11.7,134.6
2025-02-15 10:00:00,3.0,126.6
2025-02-15 11:00:00,13.0,60.8
2025-02-15 12:00:00,56.6,118.7
2025-02-15 13:00:00,649.2,85.0
2025-02-15 14:00:00,509.4,58.8
2025-02-15 15:00:00,270.9,111.5
2025-02-15 16:00:00,431.8,168.0
2025-02-15 17:00:00,298.0,152.8
2025-02-15 18:00:00,44.8,22.4
2025-02-15 19:00:00,0.0,0.0
2025-02-15 20:00:00,0.0,0.0
2025-02-15 21:00:00,0.0,0.0
2025-02-15 22:00:00,0.0,0.0
2025-02-15 23:00:00,0.0,0.0
2025-02-16 00:00:00,0.0,0.0
2025-02-16 01:00:00,0.0,0.0
2025-02-16 02:00:00,0.0,0.0
2025-02-16 03:00:00,0.0,0.0
2025-02-16 04:00:00,0.0,0.0
2025-02-16 05:00:00,0.0,0.0
2025-02-16 06:00:00,0.0,0.0
2025-02-16 07:00:00,0.0,0.0
2025-02-16 08:00:00,0.0,0.0
2025-02-16 09:00:00,0.0,0.0
2025-02-16 10:00:00,0.0,11.9
2025-02-16 11:00:00,0.0,118.3
2025-02-16 12:00:00,61.5,128.5
2025-02-16 13:00:00,232.6,168.7
2025-02-16 14:00:00,501.9,356.5
2025-02-16 15:00:00,453.2,476.4
2025-02-16 16:00:00,496.0,463.2
2025-02-16 17:00:00,508.2,394.1
2025-02-16 18:00:00,279.1,242.6
2025-02-16 19:00:00,0.0,0.0
2025-02-16 20:00:00,0.0,0.0
2025-02-16 21:00:00,0.0,0.0
2025-02-16 22:00:00,0.0,0.0
2025-02-16 23:00:00,0.0,0.0
2025-02-17 00:00:00,0.0,0.0
2025-02-17 01:00:00,0.0,0.0
2025-02-17 02:00:00,0.0,0.0
2025-02-17 03:00:00,0.0,0.0
2025-02-17 04:00:00,0.0,0.0
2025-02-17 05:00:00,0.0,0.0
2025-02-17 06:00:00,0.0,0.0
2025-02-17 07:00:00,0.0,0.0
2025-02-17 08:00:00,0.0,0.0
2025-02-17 09:00:00,116.8,22.3
2025-02-17 10:00:00,123.1,126.2
2025-02-17 11:00:00,378.8,379.0
2025-02-17 12:00:00,453.8,482.8
2025-02-17 13:00:00,329.4,451.8
2025-02-17 14:00:00,287.1,295.8
2025-02-17 15:00:00,235.9,183.2
2025-02-17 16:00:00,178.5,108.1
2025-02-17 17:00:00,98.7,67.1
2025-02-17 18:00:00,21.7,0.0
2025-02-17 19:00:00,0.0,0.0
2025-02-17 20:00:00,0.0,0.0
2025-02-17 21:00:00,0.0,0.0
2025-02-17 22:00:00,0.0,0.0
2025-02-17 23:00:00,0.0,0.0
2025-02-18 00:00:00,0.0,0.0
2025-02-18 01:00:00,0.0,0.0
2025-02-18 02:00:00,0.0,0.0
2025-02-18 03:00:00,0.0,0.0
2025-02-18 04:00:00,0.0,0.0
2025-02-18 05:00:00,0.0,0.0
2025-02-18 06:00:00,0.0,0.0
2025-02-18 07:00:00,0.0,0.0
2025-02-18 08:00:00,0.0,0.0
2025-02-18 09:00:00,5.4,21.7
2025-02-18 10:00:00,98.3,46.3
2025-02-18 11:00:00,0.0,223.4
2025-02-18 12:00:00,74.7,231.3
2025-02-18 13:00:00,10.0,245.6
2025-02-18 14:00:00,80.9,77.6
2025-02-18 15:00:00,248.8,80.5
2025-02-18 16:00:00,0.0,141.9
2025-02-18 17:00:00,10.4,73.0
2025-02-18 18:00:00,64.1,14.3
2025-02-18 19:00:00,0.0,0.0
2025-02-18 20:00:00,0.0,0.0
2025-02-18 21:00:00,0.0,0.0
2025-02-18 22:00:00,0.0,0.0
2025-02-18 23:00:00,0.0,0.0
2025-02-19 00:00:00,0.0,0.0
